{
    "person": [
        [
            298.0825500488281,
            224.822021484375,
            308.05389404296875,
            252.0411834716797
        ],
        [
            294.1137390136719,
            255.27679443359375,
            303.9194641113281,
            275.64422607421875
        ],
        [
            383.8125305175781,
            216.66885375976562,
            394.5315856933594,
            237.3920135498047
        ],
        [
            315.47491455078125,
            262.64703369140625,
            326.4244689941406,
            288.8271789550781
        ]
    ],
    "machinery": [
        [
            556.517578125,
            109.28827667236328,
            594.718994140625,
            152.90902709960938
        ]
    ]
}