{
    "person": [
        [
            213.2480926513672,
            177.02821350097656,
            225.4709930419922,
            218.6970977783203
        ],
        [
            513.835693359375,
            285.8514404296875,
            532.8160400390625,
            337.4306335449219
        ],
        [
            324.595458984375,
            244.95164489746094,
            339.3764953613281,
            286.8870849609375
        ],
        [
            527.4506225585938,
            174.2303924560547,
            540.5139770507812,
            207.9820556640625
        ],
        [
            323.6903076171875,
            120.92613220214844,
            334.4184265136719,
            147.708984375
        ],
        [
            401.87005615234375,
            307.61187744140625,
            415.9353332519531,
            351.0521545410156
        ],
        [
            345.98809814453125,
            97.28424835205078,
            354.0097351074219,
            120.07888793945312
        ]
    ],
    "machinery": [
        [
            59.361228942871094,
            150.11874389648438,
            217.0833740234375,
            223.4807891845703
        ],
        [
            59.62548828125,
            150.41079711914062,
            318.1243591308594,
            223.2825927734375
        ],
        [
            59.828330993652344,
            149.50729370117188,
            314.9527893066406,
            223.31900024414062
        ]
    ]
}