{
    "machinery": [
        [
            430.742919921875,
            199.49725341796875,
            547.0499267578125,
            252.8743438720703
        ]
    ],
    "person": [
        [
            552.52978515625,
            143.56814575195312,
            561.13134765625,
            165.88385009765625
        ],
        [
            543.8464965820312,
            130.29214477539062,
            551.5174560546875,
            148.98410034179688
        ]
    ]
}