{
    "person": [
        [
            222.6746368408203,
            213.6950225830078,
            234.45457458496094,
            255.68865966796875
        ],
        [
            333.2584228515625,
            151.85391235351562,
            343.65069580078125,
            179.8614959716797
        ],
        [
            337.17437744140625,
            278.4039306640625,
            354.0108337402344,
            322.0569152832031
        ],
        [
            415.2953186035156,
            340.12139892578125,
            431.0470275878906,
            382.6351623535156
        ],
        [
            354.58380126953125,
            126.62425231933594,
            362.3260498046875,
            149.80982971191406
        ],
        [
            541.1649169921875,
            201.32925415039062,
            553.5219116210938,
            237.8560791015625
        ]
    ],
    "machinery": [
        [
            62.58544921875,
            184.33497619628906,
            326.08953857421875,
            263.14324951171875
        ],
        [
            62.42144775390625,
            184.3433074951172,
            225.75064086914062,
            263.0610046386719
        ]
    ]
}