{
    "person": [
        [
            310.1075744628906,
            270.55877685546875,
            324.1676025390625,
            316.21063232421875
        ],
        [
            184.163330078125,
            197.3234100341797,
            196.759033203125,
            242.28421020507812
        ],
        [
            307.73236083984375,
            132.76126098632812,
            318.77105712890625,
            164.06373596191406
        ],
        [
            517.4843139648438,
            316.2571105957031,
            533.6024169921875,
            371.09002685546875
        ],
        [
            531.4461059570312,
            191.44351196289062,
            544.92822265625,
            230.849853515625
        ],
        [
            503.44671630859375,
            45.97512435913086,
            512.659912109375,
            75.43922424316406
        ],
        [
            351.06439208984375,
            208.84715270996094,
            359.4991760253906,
            220.7061004638672
        ],
        [
            515.3546752929688,
            50.13310241699219,
            526.0398559570312,
            76.13871765136719
        ],
        [
            393.5545349121094,
            339.49755859375,
            409.2237548828125,
            387.194580078125
        ]
    ],
    "machinery": [
        [
            15.689300537109375,
            165.561279296875,
            309.3759460449219,
            248.62078857421875
        ],
        [
            14.678230285644531,
            165.81393432617188,
            188.1539306640625,
            248.1944122314453
        ]
    ]
}