{
    "bus": [
        [
            545.60986328125,
            106.80030822753906,
            585.0624389648438,
            147.89166259765625
        ]
    ],
    "person": [
        [
            388.2697448730469,
            260.30010986328125,
            400.1715393066406,
            292.52020263671875
        ]
    ]
}