{
    "truck": [
        [
            559.211669921875,
            160.83071899414062,
            586.3473510742188,
            200.2378692626953
        ]
    ],
    "person": [
        [
            589.7622680664062,
            185.50685119628906,
            598.6856079101562,
            207.34579467773438
        ]
    ]
}