{
    "machinery": [
        [
            493.88970947265625,
            108.37176513671875,
            530.2515869140625,
            150.3609619140625
        ]
    ],
    "person": [
        [
            386.6186218261719,
            287.5184020996094,
            401.5103759765625,
            315.2113952636719
        ],
        [
            318.2615661621094,
            251.14169311523438,
            327.5233154296875,
            281.8634948730469
        ]
    ]
}