{
    "person": [
        [
            377.4579162597656,
            295.2812194824219,
            393.0479431152344,
            323.1517028808594
        ],
        [
            361.20941162109375,
            155.2490234375,
            368.9013366699219,
            171.29385375976562
        ]
    ],
    "machinery": [
        [
            511.90399169921875,
            115.13328552246094,
            552.080810546875,
            156.08518981933594
        ]
    ]
}