{
    "machinery": [
        [
            450.0735168457031,
            165.2902069091797,
            565.7139892578125,
            221.64443969726562
        ]
    ],
    "person": [
        [
            592.3739624023438,
            110.60963439941406,
            601.8104248046875,
            133.0277557373047
        ],
        [
            574.2705688476562,
            93.97454833984375,
            581.1722412109375,
            113.30754089355469
        ]
    ]
}