{
    "bus": [
        [
            426.0638732910156,
            222.25894165039062,
            528.7064819335938,
            272.9074401855469
        ]
    ],
    "truck": [
        [
            426.0638732910156,
            222.25894165039062,
            528.7064819335938,
            272.9074401855469
        ]
    ],
    "person": [
        [
            568.8345947265625,
            174.62672424316406,
            577.1602172851562,
            195.00205993652344
        ]
    ]
}