{
    "person": [
        [
            303.85235595703125,
            254.10415649414062,
            313.1671142578125,
            280.08795166015625
        ],
        [
            328.68646240234375,
            229.54672241210938,
            341.12017822265625,
            258.02398681640625
        ],
        [
            313.1961669921875,
            263.54034423828125,
            324.8893737792969,
            293.43951416015625
        ],
        [
            432.2724914550781,
            222.3753204345703,
            443.25665283203125,
            245.93504333496094
        ]
    ],
    "bus": [
        [
            568.750732421875,
            125.5150146484375,
            607.9681396484375,
            164.9518585205078
        ]
    ]
}