{
    "machinery": [
        [
            97.33929443359375,
            127.79513549804688,
            261.55810546875,
            208.0343780517578
        ],
        [
            268.7968444824219,
            145.404296875,
            376.0644226074219,
            200.29310607910156
        ]
    ],
    "person": [
        [
            259.42431640625,
            157.11231994628906,
            271.0311584472656,
            199.64706420898438
        ],
        [
            370.8594970703125,
            93.16622924804688,
            382.806884765625,
            121.53368377685547
        ],
        [
            376.11346435546875,
            222.70132446289062,
            391.5563659667969,
            265.6798400878906
        ],
        [
            454.5579528808594,
            283.7045593261719,
            468.7033386230469,
            325.904052734375
        ],
        [
            582.5424194335938,
            143.95809936523438,
            593.7359008789062,
            180.14634704589844
        ],
        [
            392.8432312011719,
            65.9668960571289,
            401.7458801269531,
            92.33839416503906
        ]
    ]
}