{
    "person": [
        [
            295.07080078125,
            226.8237762451172,
            304.58441162109375,
            253.9677734375
        ],
        [
            287.20343017578125,
            248.69569396972656,
            297.7434997558594,
            276.97052001953125
        ],
        [
            306.29425048828125,
            261.2643737792969,
            318.7643737792969,
            290.02142333984375
        ],
        [
            287.5340576171875,
            255.6795654296875,
            297.668212890625,
            276.72216796875
        ]
    ],
    "machinery": [
        [
            541.4866333007812,
            107.99984741210938,
            589.8377075195312,
            156.2678680419922
        ]
    ]
}