{
    "machinery": [
        [
            414.1921081542969,
            193.3890838623047,
            524.1869506835938,
            245.79151916503906
        ],
        [
            527.0823364257812,
            202.6232147216797,
            591.3223876953125,
            241.15834045410156
        ]
    ],
    "person": [
        [
            605.0454711914062,
            146.24400329589844,
            613.854736328125,
            168.97821044921875
        ]
    ]
}