{
    "person": [
        [
            327.69342041015625,
            241.57440185546875,
            337.7188720703125,
            269.6289978027344
        ],
        [
            324.306396484375,
            270.67877197265625,
            332.8817443847656,
            295.7973327636719
        ]
    ],
    "truck": [
        [
            584.0606689453125,
            131.20394897460938,
            621.9332275390625,
            172.17604064941406
        ]
    ],
    "bus": [
        [
            584.0606689453125,
            131.20394897460938,
            621.9332275390625,
            172.17604064941406
        ]
    ]
}