{
    "person": [
        [
            406.6552429199219,
            269.7138366699219,
            418.5552673339844,
            297.6238708496094
        ],
        [
            400.23663330078125,
            135.7472381591797,
            408.743896484375,
            155.2860870361328
        ]
    ],
    "bus": [
        [
            551.4791870117188,
            100.94235229492188,
            590.6932983398438,
            141.29937744140625
        ]
    ],
    "truck": [
        [
            551.4791870117188,
            100.94235229492188,
            590.6932983398438,
            141.29937744140625
        ]
    ]
}