{
    "truck": [
        [
            210.14080810546875,
            210.9425506591797,
            326.9399719238281,
            268.3089599609375
        ],
        [
            209.62303161621094,
            210.96617126464844,
            394.7831726074219,
            268.0686340332031
        ],
        [
            328.349609375,
            226.039306640625,
            394.5705261230469,
            262.0101013183594
        ]
    ],
    "person": [
        [
            462.2316589355469,
            320.9349060058594,
            472.7825622558594,
            349.46221923828125
        ],
        [
            326.2508850097656,
            232.37890625,
            335.3665771484375,
            261.72332763671875
        ]
    ]
}