{
    "person": [
        [
            296.7517395019531,
            228.3423614501953,
            307.1027526855469,
            255.8242645263672
        ],
        [
            293.7142639160156,
            255.18435668945312,
            302.927001953125,
            279.97125244140625
        ],
        [
            315.1468811035156,
            265.93603515625,
            328.526123046875,
            293.3685607910156
        ]
    ],
    "machinery": [
        [
            558.627685546875,
            111.8006820678711,
            598.7651977539062,
            156.07260131835938
        ]
    ]
}