{
    "person": [
        [
            558.8573608398438,
            132.00482177734375,
            567.2152099609375,
            152.98477172851562
        ]
    ],
    "bus": [
        [
            447.2243347167969,
            187.66249084472656,
            558.6599731445312,
            245.4868927001953
        ]
    ],
    "truck": [
        [
            447.2243347167969,
            187.66249084472656,
            558.6599731445312,
            245.4868927001953
        ]
    ]
}