{
    "machinery": [
        [
            565.3231811523438,
            145.26930236816406,
            597.55078125,
            188.0496826171875
        ]
    ],
    "person": [
        [
            511.28363037109375,
            310.4387512207031,
            521.5433349609375,
            343.63763427734375
        ]
    ]
}