{
    "machinery": [
        [
            202.51119995117188,
            195.80284118652344,
            370.222412109375,
            247.03343200683594
        ],
        [
            202.7521209716797,
            195.8450164794922,
            307.7575378417969,
            246.7316436767578
        ],
        [
            311.6814880371094,
            210.81861877441406,
            370.10223388671875,
            244.13040161132812
        ]
    ],
    "person": [
        [
            432.85845947265625,
            305.5033264160156,
            442.46917724609375,
            327.9889831542969
        ]
    ]
}