{
    "machinery": [
        [
            503.29632568359375,
            169.14498901367188,
            533.4220581054688,
            208.23162841796875
        ]
    ],
    "car": [
        [
            152.1138916015625,
            185.26632690429688,
            166.9800567626953,
            193.86676025390625
        ]
    ]
}