{
    "person": [
        [
            320.02728271484375,
            245.24920654296875,
            329.97930908203125,
            273.7494201660156
        ],
        [
            335.913818359375,
            285.23431396484375,
            350.2878723144531,
            312.0497131347656
        ],
        [
            315.8577575683594,
            273.8723449707031,
            324.9998474121094,
            298.34283447265625
        ]
    ],
    "truck": [
        [
            562.302490234375,
            132.48934936523438,
            609.6005859375,
            178.16607666015625
        ],
        [
            571.8491821289062,
            134.965087890625,
            609.3565673828125,
            177.9027557373047
        ]
    ]
}