{
    "person": [
        [
            341.49853515625,
            177.2756805419922,
            354.5098876953125,
            220.15914916992188
        ],
        [
            426.69793701171875,
            328.0989685058594,
            445.56695556640625,
            377.11297607421875
        ],
        [
            334.51202392578125,
            267.9163818359375,
            353.0949401855469,
            314.9448547363281
        ],
        [
            528.4326782226562,
            27.528358459472656,
            537.9810791015625,
            61.43919372558594
        ],
        [
            328.83978271484375,
            267.9229736328125,
            353.0814208984375,
            315.157470703125
        ]
    ],
    "machinery": [
        [
            41.54264831542969,
            163.48446655273438,
            341.88873291015625,
            248.1880645751953
        ],
        [
            39.962501525878906,
            163.20269775390625,
            213.9080810546875,
            248.39952087402344
        ]
    ]
}