{
    "machinery": [
        [
            201.41015625,
            195.3763427734375,
            303.6462707519531,
            244.9688720703125
        ],
        [
            201.11981201171875,
            195.2447509765625,
            370.08770751953125,
            245.83331298828125
        ]
    ],
    "person": [
        [
            374.442626953125,
            175.0259552001953,
            382.40228271484375,
            195.91110229492188
        ],
        [
            301.49853515625,
            215.5570068359375,
            309.7355651855469,
            242.4069061279297
        ]
    ]
}