{
    "truck": [
        [
            209.69265747070312,
            199.95474243164062,
            397.06439208984375,
            256.30548095703125
        ],
        [
            210.0014190673828,
            200.26463317871094,
            329.0660705566406,
            256.4134521484375
        ],
        [
            328.7160949707031,
            214.94447326660156,
            396.92547607421875,
            252.31185913085938
        ]
    ],
    "person": [
        [
            460.8694763183594,
            311.75213623046875,
            470.8417663574219,
            340.14129638671875
        ]
    ]
}