{
    "truck": [
        [
            408.5308837890625,
            212.61795043945312,
            509.8927001953125,
            263.7756652832031
        ]
    ],
    "person": [
        [
            582.0360717773438,
            170.20773315429688,
            589.9143676757812,
            192.80487060546875
        ]
    ],
    "bus": [
        [
            408.5308837890625,
            212.61795043945312,
            509.8927001953125,
            263.7756652832031
        ]
    ]
}