{
    "machinery": [
        [
            415.02423095703125,
            183.19631958007812,
            524.8219604492188,
            236.79754638671875
        ],
        [
            526.4080200195312,
            196.14328002929688,
            589.986083984375,
            230.42051696777344
        ]
    ],
    "person": [
        [
            588.44677734375,
            132.8095703125,
            597.152587890625,
            155.41860961914062
        ],
        [
            559.7881469726562,
            119.17107391357422,
            567.32080078125,
            138.97300720214844
        ],
        [
            399.120361328125,
            251.18511962890625,
            406.86236572265625,
            280.2488098144531
        ]
    ]
}