{
    "truck": [
        [
            195.40347290039062,
            193.12973022460938,
            396.698486328125,
            253.37623596191406
        ],
        [
            195.92752075195312,
            193.3662567138672,
            318.481201171875,
            253.46421813964844
        ]
    ],
    "person": [
        [
            399.9199523925781,
            166.62783813476562,
            407.4645690917969,
            188.02508544921875
        ],
        [
            317.44134521484375,
            216.21853637695312,
            326.74652099609375,
            246.39761352539062
        ],
        [
            553.8778686523438,
            201.61473083496094,
            561.9074096679688,
            224.8013458251953
        ],
        [
            401.9145812988281,
            262.19989013671875,
            414.4350280761719,
            291.98150634765625
        ],
        [
            416.071533203125,
            146.59588623046875,
            422.6938781738281,
            166.32064819335938
        ],
        [
            541.6566162109375,
            286.6273193359375,
            552.9337158203125,
            322.2372131347656
        ]
    ]
}