{
    "machinery": [
        [
            0.15044021606445312,
            189.74171447753906,
            139.73316955566406,
            280.94793701171875
        ],
        [
            147.3077392578125,
            207.44635009765625,
            265.2243347167969,
            268.7978210449219
        ],
        [
            0.6742019653320312,
            189.47792053222656,
            255.93223571777344,
            280.57598876953125
        ]
    ],
    "person": [
        [
            505.5997009277344,
            196.33346557617188,
            521.904541015625,
            239.88458251953125
        ],
        [
            491.30682373046875,
            332.56805419921875,
            512.4263305664062,
            392.3477783203125
        ],
        [
            257.924072265625,
            144.9561767578125,
            271.109130859375,
            178.9717254638672
        ],
        [
            136.8479766845703,
            222.2298126220703,
            150.7421417236328,
            269.9395446777344
        ],
        [
            265.7698059082031,
            293.44091796875,
            290.8314208984375,
            342.82720947265625
        ],
        [
            266.7290954589844,
            293.76885986328125,
            284.9117126464844,
            342.4210510253906
        ],
        [
            281.96624755859375,
            116.25755310058594,
            290.2870788574219,
            144.33641052246094
        ],
        [
            358.2182312011719,
            363.2112121582031,
            385.0079650878906,
            413.306884765625
        ],
        [
            358.1984558105469,
            363.69793701171875,
            375.0894470214844,
            412.6375427246094
        ]
    ]
}