{
    "truck": [
        [
            198.05563354492188,
            186.63812255859375,
            388.77484130859375,
            243.3697509765625
        ],
        [
            198.04298400878906,
            187.22933959960938,
            318.6889953613281,
            243.28921508789062
        ]
    ],
    "person": [
        [
            453.2290344238281,
            303.7964782714844,
            463.2958068847656,
            330.1484680175781
        ],
        [
            316.8834533691406,
            208.5851593017578,
            325.98193359375,
            239.38648986816406
        ],
        [
            532.5813598632812,
            288.2303466796875,
            542.7882690429688,
            319.7638854980469
        ],
        [
            398.29095458984375,
            256.681884765625,
            409.4034423828125,
            287.8519287109375
        ]
    ]
}