{
    "machinery": [
        [
            214.3590850830078,
            203.70822143554688,
            314.6595153808594,
            252.33242797851562
        ],
        [
            213.98483276367188,
            203.0823516845703,
            377.7422180175781,
            251.84762573242188
        ]
    ],
    "person": [
        [
            312.87164306640625,
            223.41943359375,
            321.63330078125,
            249.644775390625
        ],
        [
            436.07000732421875,
            305.380126953125,
            446.39898681640625,
            331.2491760253906
        ]
    ]
}