{
    "person": [
        [
            311.0930480957031,
            233.4810333251953,
            321.3167419433594,
            261.02740478515625
        ],
        [
            294.918701171875,
            255.9580078125,
            304.81231689453125,
            284.07989501953125
        ],
        [
            307.5536804199219,
            271.67828369140625,
            321.4184265136719,
            296.774169921875
        ],
        [
            413.0170593261719,
            223.68099975585938,
            421.0924377441406,
            248.110107421875
        ]
    ],
    "machinery": [
        [
            566.3794555664062,
            117.99186706542969,
            609.431640625,
            163.7213897705078
        ]
    ]
}