{
    "machinery": [
        [
            175.76123046875,
            204.93515014648438,
            361.31878662109375,
            260.00494384765625
        ],
        [
            175.6609649658203,
            205.38084411621094,
            290.87060546875,
            259.5687561035156
        ]
    ],
    "person": [
        [
            288.88470458984375,
            227.42393493652344,
            299.65509033203125,
            257.384521484375
        ],
        [
            366.3392639160156,
            193.4906463623047,
            374.05474853515625,
            215.05125427246094
        ],
        [
            425.29266357421875,
            322.9603271484375,
            435.5015869140625,
            348.420654296875
        ],
        [
            508.9871826171875,
            309.573974609375,
            522.8470458984375,
            344.6900939941406
        ],
        [
            372.540771484375,
            276.6017761230469,
            382.4805908203125,
            306.2348937988281
        ]
    ]
}