{
    "machinery": [
        [
            205.60902404785156,
            192.0560302734375,
            375.7298583984375,
            244.505859375
        ],
        [
            205.90176391601562,
            192.44436645507812,
            310.3037414550781,
            244.3361358642578
        ]
    ],
    "person": [
        [
            442.45440673828125,
            289.1329040527344,
            452.3592529296875,
            317.6468200683594
        ]
    ]
}