{
    "truck": [
        [
            206.6920166015625,
            199.6593017578125,
            325.21136474609375,
            257.1778869628906
        ],
        [
            205.83038330078125,
            199.3977508544922,
            397.82598876953125,
            256.56109619140625
        ]
    ],
    "person": [
        [
            461.66192626953125,
            312.3930969238281,
            472.09918212890625,
            340.5696105957031
        ],
        [
            406.6101989746094,
            266.9532165527344,
            418.1534118652344,
            298.1341247558594
        ],
        [
            324.18023681640625,
            221.44161987304688,
            333.6735534667969,
            251.57676696777344
        ]
    ]
}