{
    "person": [
        [
            300.795654296875,
            251.69776916503906,
            310.6161804199219,
            280.3446960449219
        ],
        [
            317.6646728515625,
            289.0648193359375,
            334.6932678222656,
            319.0783996582031
        ],
        [
            296.3905029296875,
            278.7309265136719,
            305.5151672363281,
            304.7457580566406
        ]
    ],
    "bus": [
        [
            552.27880859375,
            141.4303436279297,
            589.197509765625,
            179.9069061279297
        ]
    ]
}