{
    "truck": [
        [
            227.41278076171875,
            204.24069213867188,
            343.5899658203125,
            260.6655578613281
        ],
        [
            227.23301696777344,
            203.52371215820312,
            412.27313232421875,
            260.9308166503906
        ],
        [
            346.626220703125,
            220.58444213867188,
            411.7961120605469,
            256.2978515625
        ]
    ],
    "person": [
        [
            346.8099060058594,
            223.78062438964844,
            359.4406433105469,
            258.27947998046875
        ],
        [
            478.7453918457031,
            311.0080871582031,
            490.95263671875,
            341.31634521484375
        ],
        [
            557.2420654296875,
            297.8179626464844,
            569.818115234375,
            334.1116638183594
        ]
    ]
}