{
    "truck": [
        [
            559.5128173828125,
            158.26824951171875,
            587.1870727539062,
            198.62037658691406
        ]
    ],
    "person": [
        [
            590.4296264648438,
            183.22120666503906,
            599.5578002929688,
            204.3358612060547
        ]
    ]
}