{
    "person": [
        [
            338.539794921875,
            180.07151794433594,
            350.56536865234375,
            214.686279296875
        ],
        [
            334.1659240722656,
            254.93824768066406,
            353.3002624511719,
            295.8973693847656
        ],
        [
            416.39501953125,
            304.1160583496094,
            429.1832580566406,
            345.2355041503906
        ]
    ],
    "machinery": [
        [
            87.18415832519531,
            171.90887451171875,
            321.15692138671875,
            242.79925537109375
        ],
        [
            87.68852996826172,
            171.73388671875,
            232.45498657226562,
            243.39242553710938
        ]
    ]
}