{
    "person": [
        [
            386.1777648925781,
            187.52296447753906,
            401.0666809082031,
            228.48464965820312
        ],
        [
            477.31512451171875,
            325.54730224609375,
            493.52459716796875,
            371.676025390625
        ],
        [
            386.0583190917969,
            271.93719482421875,
            402.4235534667969,
            319.0657958984375
        ]
    ],
    "machinery": [
        [
            103.49761962890625,
            181.76173400878906,
            383.1883544921875,
            266.21136474609375
        ],
        [
            103.1890869140625,
            181.80209350585938,
            265.4761657714844,
            266.3023986816406
        ]
    ]
}