{
    "truck": [
        [
            191.35491943359375,
            185.39866638183594,
            383.5351257324219,
            242.93121337890625
        ],
        [
            191.6515655517578,
            185.79405212402344,
            313.53289794921875,
            242.9920654296875
        ]
    ],
    "person": [
        [
            311.6874084472656,
            208.23068237304688,
            321.66552734375,
            238.96078491210938
        ],
        [
            394.0657653808594,
            162.2324981689453,
            402.10675048828125,
            185.1161651611328
        ]
    ]
}