{
    "machinery": [
        [
            397.7165832519531,
            117.36688995361328,
            439.7302551269531,
            164.51734924316406
        ],
        [
            442.22344970703125,
            126.7848129272461,
            489.006103515625,
            178.30825805664062
        ]
    ],
    "person": [
        [
            246.01942443847656,
            207.75259399414062,
            255.40664672851562,
            229.99813842773438
        ],
        [
            356.62860107421875,
            206.9296112060547,
            366.7581787109375,
            235.49900817871094
        ],
        [
            233.79869079589844,
            175.32562255859375,
            240.8983612060547,
            192.826171875
        ]
    ]
}