{
    "machinery": [
        [
            189.7373046875,
            222.74261474609375,
            292.79168701171875,
            273.3406677246094
        ],
        [
            189.0888671875,
            222.57449340820312,
            361.23876953125,
            273.0108947753906
        ],
        [
            292.22845458984375,
            237.0145721435547,
            356.3765869140625,
            269.1383972167969
        ]
    ],
    "person": [
        [
            425.3428039550781,
            316.6672668457031,
            433.4847106933594,
            343.91204833984375
        ]
    ]
}