{
    "machinery": [
        [
            200.169677734375,
            191.55252075195312,
            365.0681457519531,
            241.98399353027344
        ],
        [
            200.7373504638672,
            191.9187774658203,
            302.59033203125,
            241.52130126953125
        ]
    ],
    "person": [
        [
            372.7267761230469,
            169.70933532714844,
            382.58294677734375,
            191.77923583984375
        ],
        [
            425.7999267578125,
            303.1379089355469,
            433.964599609375,
            324.40447998046875
        ]
    ]
}