{
    "truck": [
        [
            569.1192016601562,
            167.0194854736328,
            598.8417358398438,
            208.2825469970703
        ]
    ],
    "person": [
        [
            605.2344970703125,
            191.4153289794922,
            614.8040771484375,
            211.8752899169922
        ]
    ]
}