{
    "person": [
        [
            315.6322021484375,
            245.11366271972656,
            326.4197082519531,
            271.9570007324219
        ],
        [
            414.5379333496094,
            234.0538330078125,
            422.108154296875,
            259.1208801269531
        ],
        [
            299.8757629394531,
            270.7187194824219,
            309.154541015625,
            295.5210876464844
        ],
        [
            311.54498291015625,
            285.6982727050781,
            325.8822937011719,
            307.4878845214844
        ]
    ],
    "truck": [
        [
            559.4913940429688,
            136.54013061523438,
            595.2178955078125,
            177.53981018066406
        ]
    ],
    "bus": [
        [
            559.4913940429688,
            136.54013061523438,
            595.2178955078125,
            177.53981018066406
        ]
    ],
    "horse": [
        [
            311.54498291015625,
            285.6982727050781,
            325.8822937011719,
            307.4878845214844
        ]
    ]
}