{
    "person": [
        [
            342.86602783203125,
            106.14981079101562,
            354.784912109375,
            135.3447723388672
        ],
        [
            232.5789031982422,
            171.91571044921875,
            243.3871612548828,
            213.63027954101562
        ],
        [
            429.7575988769531,
            295.20166015625,
            444.046630859375,
            338.0627746582031
        ],
        [
            364.9560546875,
            79.73202514648438,
            373.3906555175781,
            105.50135803222656
        ],
        [
            368.7217102050781,
            172.82058715820312,
            375.5362854003906,
            190.53407287597656
        ],
        [
            542.6949462890625,
            270.9265441894531,
            558.2984619140625,
            319.14739990234375
        ],
        [
            350.4117431640625,
            235.346435546875,
            365.07318115234375,
            278.0730285644531
        ]
    ],
    "machinery": [
        [
            72.01153564453125,
            142.52149963378906,
            235.0934295654297,
            223.27212524414062
        ]
    ]
}