{
    "person": [
        [
            307.7834777832031,
            231.75634765625,
            319.43157958984375,
            258.57379150390625
        ],
        [
            294.6950988769531,
            256.59014892578125,
            303.4902038574219,
            280.0605773925781
        ],
        [
            306.2660217285156,
            256.92584228515625,
            320.69732666015625,
            293.07037353515625
        ],
        [
            306.4677734375,
            266.6560363769531,
            320.5264892578125,
            293.2109069824219
        ],
        [
            404.9753723144531,
            221.2998809814453,
            411.6653137207031,
            243.23239135742188
        ]
    ],
    "machinery": [
        [
            556.926513671875,
            114.22439575195312,
            596.3487548828125,
            157.5810089111328
        ]
    ]
}