{
    "machinery": [
        [
            209.0223846435547,
            202.603515625,
            376.70843505859375,
            252.66622924804688
        ],
        [
            209.2015838623047,
            202.9530029296875,
            312.72344970703125,
            252.25250244140625
        ]
    ],
    "person": [
        [
            436.6624450683594,
            308.2879638671875,
            446.2010498046875,
            332.5249328613281
        ]
    ]
}