{
    "person": [
        [
            227.44195556640625,
            209.71316528320312,
            238.96725463867188,
            248.3397979736328
        ],
        [
            329.8908996582031,
            151.896728515625,
            339.4236755371094,
            177.62681579589844
        ],
        [
            523.2907104492188,
            196.3469696044922,
            536.0757446289062,
            228.7353515625
        ],
        [
            513.5530395507812,
            304.58074951171875,
            527.9042358398438,
            349.63427734375
        ],
        [
            336.8944091796875,
            268.63336181640625,
            350.3509216308594,
            309.3385314941406
        ],
        [
            336.84857177734375,
            268.7785339355469,
            349.56488037109375,
            308.9667663574219
        ]
    ],
    "machinery": [
        [
            78.87957763671875,
            183.16921997070312,
            321.83709716796875,
            255.90626525878906
        ],
        [
            78.79886627197266,
            183.64608764648438,
            230.48318481445312,
            256.6864318847656
        ]
    ]
}