{
    "machinery": [
        [
            555.4248046875,
            157.72686767578125,
            584.3167114257812,
            197.9092254638672
        ],
        [
            545.4293823242188,
            161.06903076171875,
            557.708740234375,
            183.7841033935547
        ]
    ],
    "person": [
        [
            588.4702758789062,
            181.25828552246094,
            597.7084350585938,
            203.29713439941406
        ]
    ]
}