{
    "person": [
        [
            404.0821533203125,
            269.2579650878906,
            416.98565673828125,
            304.84503173828125
        ],
        [
            373.6194763183594,
            258.8282165527344,
            384.8690490722656,
            290.579833984375
        ],
        [
            406.87786865234375,
            143.1769561767578,
            413.472900390625,
            162.4098663330078
        ]
    ],
    "truck": [
        [
            554.7836303710938,
            111.15505981445312,
            592.8081665039062,
            151.6451416015625
        ],
        [
            547.5030517578125,
            106.05332946777344,
            563.5819702148438,
            128.77377319335938
        ]
    ]
}