{
    "truck": [
        [
            402.98248291015625,
            213.44570922851562,
            506.62445068359375,
            264.4766845703125
        ]
    ],
    "person": [
        [
            577.492431640625,
            169.49801635742188,
            586.490234375,
            191.44601440429688
        ],
        [
            544.1112060546875,
            159.97393798828125,
            551.4458618164062,
            177.24609375
        ],
        [
            552.8883056640625,
            148.6913299560547,
            561.1674194335938,
            175.02740478515625
        ],
        [
            399.398193359375,
            278.404541015625,
            407.6441345214844,
            307.5321350097656
        ]
    ]
}