{
    "truck": [
        [
            213.46624755859375,
            194.97010803222656,
            411.903076171875,
            251.22328186035156
        ],
        [
            214.04852294921875,
            195.113525390625,
            333.32989501953125,
            251.65966796875
        ]
    ],
    "person": [
        [
            468.07720947265625,
            309.10748291015625,
            478.41015625,
            337.1911315917969
        ]
    ]
}