{
    "person": [
        [
            288.02020263671875,
            240.2723388671875,
            297.5144958496094,
            267.4009094238281
        ],
        [
            312.7834167480469,
            216.0832977294922,
            327.67181396484375,
            244.86654663085938
        ],
        [
            298.1678466796875,
            248.94349670410156,
            310.0484924316406,
            280.154541015625
        ],
        [
            421.3426208496094,
            208.3782196044922,
            432.9176025390625,
            233.09605407714844
        ]
    ],
    "machinery": [
        [
            562.11962890625,
            101.47792053222656,
            610.1829833984375,
            150.04879760742188
        ],
        [
            562.11962890625,
            101.47792053222656,
            610.1829833984375,
            150.04879760742188
        ]
    ]
}