{
    "machinery": [
        [
            307.28485107421875,
            172.46768188476562,
            427.2524719238281,
            242.84649658203125
        ]
    ],
    "person": [
        [
            319.85821533203125,
            222.70977783203125,
            334.135009765625,
            258.4358825683594
        ],
        [
            295.86273193359375,
            168.87159729003906,
            305.0685729980469,
            196.76576232910156
        ],
        [
            182.2305450439453,
            96.2921142578125,
            191.96939086914062,
            117.57247924804688
        ]
    ]
}