{
    "truck": [
        [
            511.8380432128906,
            122.71619415283203,
            549.2012939453125,
            162.79818725585938
        ]
    ],
    "person": [
        [
            403.832763671875,
            305.22149658203125,
            418.5614929199219,
            334.8865966796875
        ]
    ]
}