{
    "machinery": [
        [
            201.38430786132812,
            198.17572021484375,
            304.1903381347656,
            248.47457885742188
        ],
        [
            200.83636474609375,
            198.31536865234375,
            367.8933410644531,
            248.46055603027344
        ],
        [
            307.98486328125,
            213.42283630371094,
            367.7889404296875,
            246.60426330566406
        ]
    ],
    "person": [
        [
            302.91046142578125,
            218.40185546875,
            311.5510559082031,
            245.56423950195312
        ],
        [
            429.00323486328125,
            305.3998718261719,
            438.7085876464844,
            328.92431640625
        ],
        [
            374.5296936035156,
            179.602783203125,
            381.86138916015625,
            200.1852264404297
        ]
    ]
}