{
    "machinery": [
        [
            491.97979736328125,
            82.95291900634766,
            530.00048828125,
            126.76866912841797
        ]
    ],
    "person": [
        [
            307.4992980957031,
            230.35862731933594,
            319.39678955078125,
            262.6675109863281
        ],
        [
            377.7372131347656,
            266.6253662109375,
            392.1611022949219,
            296.5124816894531
        ],
        [
            377.7047424316406,
            266.2364807128906,
            387.93914794921875,
            296.341796875
        ]
    ]
}