{
    "machinery": [
        [
            579.3031616210938,
            104.96710205078125,
            627.0436401367188,
            155.96743774414062
        ],
        [
            467.45062255859375,
            188.04539489746094,
            570.9308471679688,
            240.80523681640625
        ]
    ],
    "person": [
        [
            97.0727310180664,
            200.30511474609375,
            106.69955444335938,
            224.55747985839844
        ]
    ]
}