{
    "person": [
        [
            606.5098876953125,
            170.6392364501953,
            614.6653442382812,
            192.2327117919922
        ]
    ],
    "truck": [
        [
            572.5789794921875,
            145.63845825195312,
            601.2645874023438,
            186.62857055664062
        ],
        [
            565.068359375,
            149.55233764648438,
            575.6923828125,
            171.59829711914062
        ]
    ],
    "bus": [
        [
            572.5789794921875,
            145.63845825195312,
            601.2645874023438,
            186.62857055664062
        ]
    ]
}