{
    "truck": [
        [
            567.3635864257812,
            150.01336669921875,
            595.499267578125,
            190.87893676757812
        ],
        [
            559.6860961914062,
            155.05564880371094,
            569.8009033203125,
            175.4846649169922
        ]
    ],
    "person": [
        [
            599.996826171875,
            175.83436584472656,
            608.509521484375,
            195.96841430664062
        ],
        [
            391.79437255859375,
            288.91796875,
            405.0537109375,
            319.0260925292969
        ]
    ]
}