{
    "person": [
        [
            319.8307800292969,
            182.48793029785156,
            333.3500061035156,
            223.37039184570312
        ],
        [
            408.1205749511719,
            326.29400634765625,
            424.7738342285156,
            373.6770935058594
        ],
        [
            317.8983154296875,
            270.0528564453125,
            340.2278747558594,
            317.3428649902344
        ],
        [
            317.93798828125,
            270.2492370605469,
            334.38677978515625,
            316.88153076171875
        ],
        [
            496.0035400390625,
            33.98169708251953,
            505.8701171875,
            67.90283966064453
        ],
        [
            522.0458374023438,
            307.01611328125,
            537.8231201171875,
            361.6557922363281
        ]
    ],
    "machinery": [
        [
            26.355987548828125,
            172.96702575683594,
            312.0728759765625,
            256.27593994140625
        ],
        [
            25.658401489257812,
            172.78858947753906,
            195.64151000976562,
            257.3482666015625
        ]
    ]
}