{
    "truck": [
        [
            510.94488525390625,
            117.03233337402344,
            546.9608154296875,
            158.5314178466797
        ]
    ],
    "person": [
        [
            328.549072265625,
            260.018310546875,
            339.0636901855469,
            293.18572998046875
        ],
        [
            400.7403259277344,
            300.8765563964844,
            414.68853759765625,
            329.60028076171875
        ]
    ]
}