{
    "truck": [
        [
            225.02149963378906,
            204.1886749267578,
            342.2743835449219,
            260.4183654785156
        ],
        [
            351.9458312988281,
            219.95217895507812,
            410.2955017089844,
            256.1134338378906
        ]
    ],
    "person": [
        [
            346.0685119628906,
            221.22972106933594,
            357.94317626953125,
            258.4291687011719
        ],
        [
            476.9947204589844,
            310.783935546875,
            488.92413330078125,
            341.8616638183594
        ],
        [
            417.9938659667969,
            193.0244140625,
            425.44512939453125,
            214.740478515625
        ],
        [
            420.6993713378906,
            272.39013671875,
            432.1348876953125,
            304.2903137207031
        ]
    ]
}