{
    "truck": [
        [
            404.33624267578125,
            215.05972290039062,
            505.383056640625,
            264.7071533203125
        ],
        [
            509.472412109375,
            228.25741577148438,
            566.0247192382812,
            260.1903991699219
        ]
    ],
    "person": [
        [
            567.3936767578125,
            169.97738647460938,
            575.7252197265625,
            191.6733856201172
        ]
    ]
}