{
    "person": [
        [
            371.86981201171875,
            280.9960632324219,
            387.66986083984375,
            311.0116882324219
        ],
        [
            303.3759460449219,
            245.2863311767578,
            312.41961669921875,
            276.218994140625
        ]
    ],
    "machinery": [
        [
            485.64129638671875,
            98.48114013671875,
            523.963623046875,
            140.5889129638672
        ],
        [
            485.64129638671875,
            98.48114013671875,
            523.963623046875,
            140.5889129638672
        ]
    ]
}