{
    "truck": [
        [
            534.5084838867188,
            107.42546844482422,
            572.1218872070312,
            148.28872680664062
        ]
    ],
    "bus": [
        [
            534.5084838867188,
            107.42546844482422,
            572.1218872070312,
            148.28872680664062
        ]
    ]
}