{
    "machinery": [
        [
            203.15509033203125,
            203.40277099609375,
            308.89971923828125,
            254.52426147460938
        ],
        [
            202.8480682373047,
            203.02528381347656,
            381.09002685546875,
            254.046142578125
        ],
        [
            310.0436706542969,
            215.6820831298828,
            374.1695556640625,
            250.92251586914062
        ]
    ],
    "person": [
        [
            441.69830322265625,
            300.7695007324219,
            450.83758544921875,
            327.2111511230469
        ]
    ]
}