{
    "person": [
        [
            323.268798828125,
            243.8602752685547,
            334.21136474609375,
            271.4462585449219
        ],
        [
            308.1162414550781,
            269.209716796875,
            317.0855712890625,
            294.97509765625
        ],
        [
            422.5011291503906,
            231.9684600830078,
            430.72222900390625,
            257.2218322753906
        ],
        [
            307.2152404785156,
            268.9581298828125,
            316.8056335449219,
            294.89007568359375
        ]
    ],
    "truck": [
        [
            568.3663940429688,
            132.79885864257812,
            607.797607421875,
            170.0677947998047
        ]
    ]
}