{
    "truck": [
        [
            196.48748779296875,
            192.4527130126953,
            400.54803466796875,
            252.40194702148438
        ],
        [
            197.443603515625,
            192.72439575195312,
            318.3911437988281,
            252.58351135253906
        ]
    ],
    "person": [
        [
            398.21875,
            166.6290740966797,
            407.2912292480469,
            188.98867797851562
        ],
        [
            316.395751953125,
            216.4390411376953,
            325.9502868652344,
            246.02487182617188
        ]
    ]
}