{
    "machinery": [
        [
            211.34231567382812,
            200.88018798828125,
            378.1917724609375,
            250.48074340820312
        ],
        [
            211.67889404296875,
            201.23312377929688,
            314.6432800292969,
            250.91644287109375
        ],
        [
            318.3771057128906,
            215.39849853515625,
            377.87567138671875,
            248.11550903320312
        ]
    ],
    "person": [
        [
            440.056396484375,
            306.0901184082031,
            449.14849853515625,
            329.5273742675781
        ]
    ]
}