{
    "machinery": [
        [
            94.95091247558594,
            188.7623291015625,
            230.02340698242188,
            256.3536071777344
        ],
        [
            233.0497283935547,
            203.9812469482422,
            325.3935546875,
            247.2669219970703
        ]
    ],
    "person": [
        [
            319.86846923828125,
            159.90817260742188,
            329.5130920410156,
            183.49732971191406
        ],
        [
            227.60165405273438,
            214.62844848632812,
            238.20008850097656,
            248.0486602783203
        ],
        [
            498.3471984863281,
            197.50526428222656,
            511.40875244140625,
            228.0758056640625
        ],
        [
            394.9535827636719,
            319.9209899902344,
            406.48974609375,
            353.4291076660156
        ],
        [
            490.84820556640625,
            299.0918273925781,
            504.5116271972656,
            337.9620666503906
        ]
    ]
}