{
    "truck": [
        [
            192.63156127929688,
            195.177978515625,
            384.47052001953125,
            254.35598754882812
        ],
        [
            192.91514587402344,
            195.60606384277344,
            313.956298828125,
            254.4149169921875
        ]
    ],
    "person": [
        [
            393.6303405761719,
            169.44192504882812,
            401.85955810546875,
            192.88583374023438
        ],
        [
            397.5777587890625,
            264.1510925292969,
            407.09161376953125,
            294.5290832519531
        ],
        [
            312.3671875,
            216.94442749023438,
            322.52471923828125,
            248.1448211669922
        ]
    ]
}