{
    "truck": [
        [
            191.76104736328125,
            185.42758178710938,
            383.7148132324219,
            242.98988342285156
        ],
        [
            192.0411376953125,
            185.7825164794922,
            313.4742126464844,
            243.0887451171875
        ]
    ],
    "person": [
        [
            449.9528503417969,
            305.215087890625,
            460.61566162109375,
            330.9183349609375
        ],
        [
            393.671875,
            162.62278747558594,
            401.4707946777344,
            184.0027618408203
        ],
        [
            311.6044616699219,
            207.55706787109375,
            321.2203674316406,
            239.33761596679688
        ]
    ]
}