{
    "person": [
        [
            402.01116943359375,
            198.4075164794922,
            418.0093078613281,
            247.11636352539062
        ],
        [
            502.3448791503906,
            368.04498291015625,
            521.5598754882812,
            422.7842102050781
        ],
        [
            391.61883544921875,
            300.7598876953125,
            417.3832702636719,
            355.22894287109375
        ],
        [
            391.09759521484375,
            300.508544921875,
            420.70233154296875,
            355.29168701171875
        ]
    ],
    "machinery": [
        [
            61.63899230957031,
            184.35362243652344,
            388.59405517578125,
            281.37701416015625
        ],
        [
            61.474327087402344,
            184.42764282226562,
            257.5722961425781,
            281.2677001953125
        ]
    ]
}