{
    "person": [
        [
            305.55694580078125,
            246.80137634277344,
            317.06463623046875,
            274.6969299316406
        ],
        [
            291.71307373046875,
            272.8409118652344,
            300.96160888671875,
            297.0885925292969
        ],
        [
            401.86944580078125,
            238.5070037841797,
            411.3017272949219,
            259.0350646972656
        ],
        [
            303.8204040527344,
            284.9435119628906,
            317.30987548828125,
            310.1343688964844
        ],
        [
            291.0008850097656,
            273.08026123046875,
            300.5248718261719,
            297.16595458984375
        ]
    ],
    "truck": [
        [
            549.4764404296875,
            136.051513671875,
            586.243896484375,
            177.81417846679688
        ],
        [
            540.0678100585938,
            132.56610107421875,
            561.9496459960938,
            155.35569763183594
        ]
    ]
}