{
    "machinery": [
        [
            426.30194091796875,
            201.056396484375,
            548.7350463867188,
            255.73196411132812
        ]
    ],
    "person": [
        [
            555.973388671875,
            142.55703735351562,
            565.0368041992188,
            165.48141479492188
        ],
        [
            384.38214111328125,
            161.06845092773438,
            391.25732421875,
            178.8789520263672
        ],
        [
            546.298828125,
            128.57635498046875,
            553.2368774414062,
            148.31298828125
        ]
    ]
}