{
    "truck": [
        [
            568.5108642578125,
            155.74671936035156,
            597.5157470703125,
            196.23106384277344
        ]
    ],
    "person": [
        [
            600.01220703125,
            180.73817443847656,
            610.060791015625,
            203.0121307373047
        ]
    ]
}