{
    "person": [
        [
            392.4415588378906,
            300.0352478027344,
            404.7668762207031,
            331.85223388671875
        ]
    ],
    "machinery": [
        [
            507.552978515625,
            116.91600036621094,
            548.0906982421875,
            160.40634155273438
        ]
    ]
}