{
    "person": [
        [
            405.906005859375,
            300.68902587890625,
            420.940185546875,
            330.8791809082031
        ],
        [
            390.2779235839844,
            159.234619140625,
            398.2909240722656,
            175.0471649169922
        ]
    ],
    "truck": [
        [
            528.3281860351562,
            119.50061798095703,
            548.75439453125,
            142.12417602539062
        ],
        [
            535.422607421875,
            122.93350982666016,
            573.1588134765625,
            163.9118194580078
        ]
    ],
    "bus": [
        [
            535.422607421875,
            122.93350982666016,
            573.1588134765625,
            163.9118194580078
        ]
    ]
}