{
    "truck": [
        [
            517.3058471679688,
            113.18650817871094,
            554.4108276367188,
            155.2893829345703
        ]
    ],
    "person": [
        [
            337.116943359375,
            258.61456298828125,
            349.3255920410156,
            290.9037780761719
        ],
        [
            404.1157531738281,
            294.25042724609375,
            414.9557800292969,
            324.5344543457031
        ]
    ]
}