{
    "machinery": [
        [
            207.60263061523438,
            194.09584045410156,
            311.1837158203125,
            244.86143493652344
        ],
        [
            207.9881134033203,
            193.941650390625,
            381.5890808105469,
            245.11500549316406
        ],
        [
            314.9312744140625,
            207.4105682373047,
            381.8812561035156,
            241.13980102539062
        ]
    ],
    "person": [
        [
            382.56219482421875,
            169.66917419433594,
            390.7755126953125,
            192.28964233398438
        ]
    ]
}