{
    "person": [
        [
            322.5995178222656,
            244.15480041503906,
            332.3370056152344,
            272.67791748046875
        ],
        [
            318.5771484375,
            271.3578186035156,
            327.40460205078125,
            297.1824035644531
        ],
        [
            340.1505126953125,
            283.1272277832031,
            353.3753662109375,
            311.1499328613281
        ]
    ],
    "bus": [
        [
            576.6027221679688,
            133.03875732421875,
            616.0274047851562,
            175.27154541015625
        ]
    ]
}