{
    "truck": [
        [
            208.74148559570312,
            199.74368286132812,
            326.4193115234375,
            256.23193359375
        ],
        [
            329.1622619628906,
            212.94204711914062,
            407.76800537109375,
            251.42022705078125
        ],
        [
            329.66583251953125,
            213.72140502929688,
            395.65216064453125,
            251.24307250976562
        ]
    ],
    "person": [
        [
            406.9366149902344,
            267.3638610839844,
            416.87994384765625,
            296.8042297363281
        ],
        [
            458.65679931640625,
            311.8296203613281,
            468.6291198730469,
            337.7992248535156
        ],
        [
            325.2015380859375,
            221.4723663330078,
            334.4569091796875,
            250.59361267089844
        ],
        [
            459.04815673828125,
            311.4720153808594,
            469.4447326660156,
            337.9903259277344
        ]
    ]
}