{
    "truck": [
        [
            202.26705932617188,
            176.94577026367188,
            389.37969970703125,
            238.0232696533203
        ],
        [
            202.23086547851562,
            177.19451904296875,
            318.9388122558594,
            237.92044067382812
        ]
    ],
    "person": [
        [
            399.3042297363281,
            149.49368286132812,
            406.9630432128906,
            171.91522216796875
        ],
        [
            317.3990173339844,
            199.68215942382812,
            326.5937194824219,
            230.08250427246094
        ],
        [
            555.2911376953125,
            183.26742553710938,
            566.4022216796875,
            210.7244110107422
        ],
        [
            460.26171875,
            292.48486328125,
            469.8402099609375,
            317.1029968261719
        ],
        [
            542.3427734375,
            268.35302734375,
            554.9108276367188,
            305.5602111816406
        ]
    ]
}