{
    "truck": [
        [
            561.7175903320312,
            115.2927474975586,
            600.2652587890625,
            154.77757263183594
        ],
        [
            552.5926513671875,
            110.71781158447266,
            576.3024291992188,
            134.76658630371094
        ]
    ],
    "person": [
        [
            424.1472473144531,
            295.917236328125,
            439.18304443359375,
            326.5601501464844
        ],
        [
            409.40478515625,
            150.17657470703125,
            417.7951965332031,
            166.8839111328125
        ]
    ],
    "car": [
        [
            511.8548278808594,
            126.91345977783203,
            529.7315063476562,
            138.65646362304688
        ]
    ]
}