{
    "truck": [
        [
            193.96856689453125,
            192.8892822265625,
            397.05255126953125,
            252.4299774169922
        ],
        [
            194.2499237060547,
            193.1658172607422,
            316.042236328125,
            252.3170928955078
        ]
    ],
    "person": [
        [
            535.9154052734375,
            287.515625,
            547.9498901367188,
            324.4343566894531
        ]
    ]
}