{
    "truck": [
        [
            208.5350341796875,
            200.5984649658203,
            325.58941650390625,
            256.6263122558594
        ],
        [
            208.072265625,
            199.95797729492188,
            394.13751220703125,
            255.97686767578125
        ],
        [
            329.69427490234375,
            215.65333557128906,
            394.1357727050781,
            252.15011596679688
        ]
    ],
    "person": [
        [
            324.66668701171875,
            222.67689514160156,
            333.8564147949219,
            251.50013732910156
        ],
        [
            535.5795288085938,
            294.6860046386719,
            547.0642700195312,
            329.3371887207031
        ]
    ]
}