{
    "truck": [
        [
            207.9110565185547,
            195.766845703125,
            323.03814697265625,
            251.90301513671875
        ],
        [
            207.46710205078125,
            195.6022186279297,
            389.2099304199219,
            251.23849487304688
        ]
    ],
    "person": [
        [
            321.07305908203125,
            217.0360870361328,
            330.3464660644531,
            246.76010131835938
        ],
        [
            454.2418212890625,
            306.4610290527344,
            464.4053039550781,
            334.64117431640625
        ],
        [
            399.90106201171875,
            262.8576965332031,
            410.9272155761719,
            292.2594299316406
        ]
    ]
}