{
    "truck": [
        [
            208.3822021484375,
            196.36680603027344,
            323.746337890625,
            253.79608154296875
        ],
        [
            207.87322998046875,
            195.94569396972656,
            393.2024841308594,
            252.31480407714844
        ],
        [
            329.20263671875,
            211.27882385253906,
            393.6056213378906,
            248.82717895507812
        ]
    ],
    "person": [
        [
            321.83624267578125,
            217.98117065429688,
            331.3911437988281,
            248.1592254638672
        ]
    ]
}