{
    "machinery": [
        [
            62.63957977294922,
            184.71194458007812,
            302.96051025390625,
            255.8621368408203
        ]
    ],
    "person": [
        [
            309.88140869140625,
            154.54400634765625,
            321.3205261230469,
            181.0986785888672
        ],
        [
            315.07550048828125,
            271.6018981933594,
            328.93231201171875,
            310.9314270019531
        ],
        [
            502.0511474609375,
            200.78964233398438,
            513.8589477539062,
            233.3134307861328
        ],
        [
            208.78662109375,
            209.44900512695312,
            221.1680145263672,
            249.43853759765625
        ],
        [
            387.7131652832031,
            328.338623046875,
            400.4336242675781,
            368.45562744140625
        ],
        [
            492.6029052734375,
            312.1712341308594,
            505.4839172363281,
            351.8667907714844
        ]
    ]
}