{
    "person": [
        [
            376.13677978515625,
            195.65365600585938,
            390.0333251953125,
            240.4944305419922
        ],
        [
            466.3619689941406,
            349.2139892578125,
            485.2494201660156,
            400.1590270996094
        ],
        [
            370.2210998535156,
            288.1397705078125,
            397.5884704589844,
            338.0933532714844
        ]
    ],
    "machinery": [
        [
            73.13624572753906,
            185.93528747558594,
            360.81585693359375,
            270.46136474609375
        ],
        [
            71.9106216430664,
            185.72021484375,
            247.1488037109375,
            271.8873596191406
        ]
    ]
}