{
    "person": [
        [
            374.3861389160156,
            264.1912536621094,
            385.7859191894531,
            292.07244873046875
        ],
        [
            367.6099548339844,
            132.39437866210938,
            375.35906982421875,
            150.80859375
        ]
    ],
    "machinery": [
        [
            519.177001953125,
            93.73257446289062,
            560.6421508789062,
            135.18389892578125
        ],
        [
            519.177001953125,
            93.73257446289062,
            560.6421508789062,
            135.18389892578125
        ]
    ]
}