{
    "person": [
        [
            383.0629577636719,
            261.75189208984375,
            395.1456604003906,
            296.11895751953125
        ],
        [
            383.0030822753906,
            137.2963104248047,
            389.8116149902344,
            156.9931182861328
        ],
        [
            351.3829650878906,
            250.0146026611328,
            362.7037048339844,
            282.27337646484375
        ]
    ],
    "machinery": [
        [
            535.3453979492188,
            99.37837219238281,
            575.4566650390625,
            138.96112060546875
        ],
        [
            535.3453979492188,
            99.37837219238281,
            575.4566650390625,
            138.96112060546875
        ]
    ]
}