{
    "truck": [
        [
            192.094482421875,
            197.94448852539062,
            383.907958984375,
            255.56187438964844
        ],
        [
            192.39651489257812,
            197.8848876953125,
            313.13287353515625,
            256.0276794433594
        ]
    ],
    "person": [
        [
            448.9881896972656,
            312.6425476074219,
            459.0206604003906,
            340.7212829589844
        ],
        [
            391.03656005859375,
            174.60690307617188,
            399.5337829589844,
            196.22113037109375
        ],
        [
            310.7481994628906,
            219.56748962402344,
            319.8111267089844,
            250.02639770507812
        ]
    ]
}