{
    "machinery": [
        [
            54.48419189453125,
            195.7423553466797,
            378.2018127441406,
            292.4394226074219
        ]
    ],
    "person": [
        [
            393.0596618652344,
            210.23435974121094,
            409.17242431640625,
            259.581298828125
        ],
        [
            494.445556640625,
            379.82781982421875,
            512.1278686523438,
            433.9976806640625
        ],
        [
            388.3507080078125,
            313.099365234375,
            407.25482177734375,
            367.00213623046875
        ],
        [
            619.9619750976562,
            52.50909423828125,
            630.512451171875,
            80.97579193115234
        ],
        [
            388.409423828125,
            313.01617431640625,
            408.6248474121094,
            366.9781188964844
        ]
    ]
}