{
    "truck": [
        [
            203.83819580078125,
            190.1676025390625,
            395.421142578125,
            247.16357421875
        ],
        [
            203.43731689453125,
            190.50794982910156,
            324.4648132324219,
            246.9378662109375
        ]
    ],
    "person": [
        [
            321.857177734375,
            211.5534210205078,
            331.44140625,
            242.421630859375
        ],
        [
            402.3914489746094,
            170.1748046875,
            410.8927001953125,
            191.93692016601562
        ],
        [
            459.31866455078125,
            305.4536437988281,
            469.23736572265625,
            334.9073486328125
        ]
    ]
}