{
    "person": [
        [
            304.34783935546875,
            240.1581268310547,
            314.401611328125,
            268.615234375
        ],
        [
            297.1700439453125,
            270.4803161621094,
            307.47576904296875,
            292.1033935546875
        ],
        [
            315.9587097167969,
            277.2616882324219,
            328.5584716796875,
            305.8215637207031
        ],
        [
            391.6887512207031,
            231.29173278808594,
            403.066162109375,
            253.03823852539062
        ],
        [
            296.8984375,
            265.7392578125,
            307.3763732910156,
            292.216552734375
        ]
    ],
    "truck": [
        [
            554.59814453125,
            128.89730834960938,
            592.00341796875,
            169.27481079101562
        ]
    ]
}