{
    "person": [
        [
            398.4836120605469,
            298.76226806640625,
            413.9600524902344,
            330.086669921875
        ],
        [
            327.0715637207031,
            262.539306640625,
            337.2727355957031,
            294.6420593261719
        ]
    ],
    "truck": [
        [
            509.81744384765625,
            118.33987426757812,
            545.428955078125,
            157.95114135742188
        ]
    ]
}