{
    "machinery": [
        [
            207.68392944335938,
            197.44525146484375,
            312.53619384765625,
            246.9770965576172
        ],
        [
            314.3921813964844,
            212.06739807128906,
            374.7255859375,
            245.6846160888672
        ],
        [
            208.44879150390625,
            197.04075622558594,
            375.436767578125,
            247.11802673339844
        ]
    ],
    "person": [
        [
            436.4921875,
            304.886474609375,
            445.621826171875,
            329.3955383300781
        ],
        [
            383.510986328125,
            177.64132690429688,
            390.4949951171875,
            198.72259521484375
        ],
        [
            310.126708984375,
            217.10250854492188,
            318.4073181152344,
            244.10592651367188
        ],
        [
            514.6730346679688,
            289.7575988769531,
            527.1587524414062,
            324.6831970214844
        ]
    ]
}