{
    "truck": [
        [
            564.9751586914062,
            158.2496795654297,
            593.8817749023438,
            198.654052734375
        ],
        [
            556.7543334960938,
            162.13720703125,
            568.0845947265625,
            183.87437438964844
        ]
    ],
    "person": [
        [
            596.81201171875,
            183.42901611328125,
            606.2084350585938,
            204.8445587158203
        ]
    ]
}