{
    "machinery": [
        [
            416.9267883300781,
            194.45091247558594,
            525.356201171875,
            248.1166229248047
        ],
        [
            527.0979614257812,
            203.31564331054688,
            598.3101196289062,
            241.47189331054688
        ]
    ],
    "person": [
        [
            603.6018676757812,
            144.6341552734375,
            613.2850341796875,
            168.1269989013672
        ]
    ]
}