{
    "truck": [
        [
            519.0947875976562,
            116.27362060546875,
            555.1442260742188,
            156.99722290039062
        ]
    ],
    "person": [
        [
            335.88116455078125,
            261.75958251953125,
            346.952880859375,
            291.3307800292969
        ]
    ]
}