{
    "person": [
        [
            414.12774658203125,
            218.05819702148438,
            427.0850830078125,
            249.21322631835938
        ],
        [
            414.38934326171875,
            74.57215118408203,
            420.9229431152344,
            94.8487777709961
        ]
    ],
    "bus": [
        [
            574.5701904296875,
            37.67534637451172,
            615.2759399414062,
            84.48587036132812
        ]
    ],
    "keyboard": [
        [
            3.938079833984375,
            412.950927734375,
            638.4853515625,
            479.4176940917969
        ]
    ]
}