{
    "machinery": [
        [
            202.11907958984375,
            285.5152282714844,
            305.5102233886719,
            336.42584228515625
        ]
    ],
    "person": [
        [
            304.6176452636719,
            305.7919006347656,
            315.500732421875,
            333.52081298828125
        ]
    ]
}