{
    "bus": [
        [
            503.498779296875,
            123.49217987060547,
            539.8258666992188,
            162.2911376953125
        ]
    ],
    "person": [
        [
            393.37200927734375,
            302.8791809082031,
            408.1848449707031,
            334.954833984375
        ]
    ],
    "truck": [
        [
            503.498779296875,
            123.49217987060547,
            539.8258666992188,
            162.2911376953125
        ]
    ]
}