{
    "truck": [
        [
            571.625732421875,
            144.11370849609375,
            601.5570068359375,
            184.97215270996094
        ]
    ],
    "person": [
        [
            607.0281982421875,
            168.8990478515625,
            616.6912231445312,
            189.60076904296875
        ]
    ]
}