{
    "machinery": [
        [
            519.8779296875,
            169.5352020263672,
            554.73486328125,
            213.95968627929688
        ],
        [
            510.9114685058594,
            174.2816925048828,
            524.7915649414062,
            197.42628479003906
        ]
    ],
    "person": [
        [
            558.8187255859375,
            197.11541748046875,
            568.433837890625,
            220.54412841796875
        ]
    ]
}