{
    "person": [
        [
            398.7195129394531,
            300.96185302734375,
            412.461181640625,
            332.61053466796875
        ]
    ],
    "truck": [
        [
            510.03070068359375,
            119.62708282470703,
            545.6749267578125,
            161.69638061523438
        ]
    ],
    "bus": [
        [
            510.03070068359375,
            119.62708282470703,
            545.6749267578125,
            161.69638061523438
        ]
    ]
}