{
    "machinery": [
        [
            543.6130981445312,
            151.02410888671875,
            573.3603515625,
            191.27490234375
        ]
    ],
    "person": [
        [
            577.7984008789062,
            175.6151580810547,
            586.2634887695312,
            195.9734649658203
        ]
    ]
}