{
    "machinery": [
        [
            157.79615783691406,
            203.61631774902344,
            265.05499267578125,
            256.0885009765625
        ],
        [
            276.3357238769531,
            218.7991485595703,
            330.6611328125,
            251.21151733398438
        ],
        [
            157.74649047851562,
            203.09674072265625,
            332.6875305175781,
            255.23284912109375
        ]
    ],
    "person": [
        [
            392.4881286621094,
            299.9853210449219,
            402.1997985839844,
            326.3849792480469
        ],
        [
            270.10467529296875,
            223.13973999023438,
            281.4682922363281,
            252.82711791992188
        ],
        [
            463.3094787597656,
            288.9208984375,
            474.5586242675781,
            320.02777099609375
        ]
    ]
}