{
    "person": [
        [
            120.77742004394531,
            209.65647888183594,
            136.0928497314453,
            265.673095703125
        ],
        [
            266.49151611328125,
            120.97181701660156,
            281.14227294921875,
            161.30567932128906
        ],
        [
            558.0540771484375,
            188.81900024414062,
            573.4517822265625,
            239.2505340576172
        ],
        [
            269.21630859375,
            296.72491455078125,
            295.09564208984375,
            353.508056640625
        ],
        [
            295.5478210449219,
            84.21854400634766,
            307.1165466308594,
            119.50627899169922
        ],
        [
            380.1837463378906,
            378.9147644042969,
            397.943115234375,
            432.84515380859375
        ],
        [
            538.0548095703125,
            0.09249114990234375,
            551.5565795898438,
            32.5777473449707
        ]
    ],
    "machinery": [
        [
            0.3797149658203125,
            171.01068115234375,
            123.43563079833984,
            271.5309143066406
        ],
        [
            0.779266357421875,
            170.21119689941406,
            269.3243103027344,
            269.82830810546875
        ],
        [
            134.37722778320312,
            194.43746948242188,
            272.9652099609375,
            266.4078063964844
        ]
    ]
}