{
    "machinery": [
        [
            309.763427734375,
            166.24676513671875,
            441.8207702636719,
            242.153076171875
        ]
    ],
    "person": [
        [
            296.13433837890625,
            163.4000244140625,
            306.6469421386719,
            193.00369262695312
        ],
        [
            167.6764678955078,
            82.06464385986328,
            177.60397338867188,
            107.92924499511719
        ],
        [
            325.72857666015625,
            220.451171875,
            339.1753234863281,
            258.66754150390625
        ],
        [
            272.7964172363281,
            168.03842163085938,
            283.7524108886719,
            197.65048217773438
        ]
    ]
}