{
    "truck": [
        [
            560.2968139648438,
            161.77728271484375,
            589.5712890625,
            202.6642608642578
        ]
    ],
    "person": [
        [
            387.2145690917969,
            300.725341796875,
            398.94378662109375,
            329.54632568359375
        ]
    ]
}