{
    "machinery": [
        [
            193.71994018554688,
            214.90841674804688,
            366.8913879394531,
            267.817138671875
        ],
        [
            193.93215942382812,
            215.3179168701172,
            302.26092529296875,
            267.68951416015625
        ]
    ],
    "person": [
        [
            526.9888305664062,
            224.48095703125,
            537.5169067382812,
            251.3119354248047
        ]
    ]
}