{
    "machinery": [
        [
            203.043701171875,
            210.8159637451172,
            303.2564697265625,
            260.29345703125
        ],
        [
            202.64804077148438,
            210.58612060546875,
            367.6653747558594,
            260.5188903808594
        ],
        [
            307.70574951171875,
            224.13978576660156,
            366.5760192871094,
            256.8827209472656
        ]
    ],
    "person": [
        [
            302.3915710449219,
            230.6195526123047,
            310.834228515625,
            256.30499267578125
        ]
    ]
}