{
    "machinery": [
        [
            86.27297973632812,
            258.1938171386719,
            198.14755249023438,
            311.2496032714844
        ],
        [
            85.37666320800781,
            258.0554504394531,
            272.1130065917969,
            311.68975830078125
        ],
        [
            196.96884155273438,
            272.01611328125,
            269.1667785644531,
            306.7407531738281
        ]
    ],
    "person": [
        [
            273.5780944824219,
            320.5278015136719,
            284.0323791503906,
            352.54156494140625
        ],
        [
            277.5252685546875,
            264.9444274902344,
            285.90228271484375,
            291.4575500488281
        ]
    ]
}