{
    "truck": [
        [
            204.97494506835938,
            209.7954559326172,
            401.5851745605469,
            267.78118896484375
        ],
        [
            205.6748046875,
            210.27154541015625,
            322.211669921875,
            267.85894775390625
        ],
        [
            326.68072509765625,
            224.55018615722656,
            402.68658447265625,
            261.2008972167969
        ]
    ],
    "person": [
        [
            457.0006408691406,
            322.1697998046875,
            467.232177734375,
            347.6139831542969
        ],
        [
            320.0499572753906,
            231.51136779785156,
            329.8060607910156,
            261.1745910644531
        ],
        [
            534.851806640625,
            302.3047180175781,
            544.55712890625,
            336.0628967285156
        ]
    ]
}