{
    "machinery": [
        [
            488.3738098144531,
            147.35208129882812,
            528.016845703125,
            187.10781860351562
        ],
        [
            488.3738098144531,
            147.35208129882812,
            528.016845703125,
            187.10781860351562
        ]
    ],
    "person": [
        [
            379.5958251953125,
            327.8315734863281,
            393.134765625,
            358.64984130859375
        ],
        [
            309.8476257324219,
            289.7755126953125,
            321.5213928222656,
            323.4562683105469
        ]
    ]
}