{
    "person": [
        [
            403.3959045410156,
            270.934326171875,
            416.1337890625,
            301.3007507324219
        ],
        [
            399.64947509765625,
            137.52001953125,
            406.4603271484375,
            156.86163330078125
        ]
    ],
    "bus": [
        [
            549.76806640625,
            103.15739440917969,
            587.0993041992188,
            146.23890686035156
        ]
    ],
    "truck": [
        [
            549.76806640625,
            103.15739440917969,
            587.0993041992188,
            146.23890686035156
        ]
    ]
}