{
    "machinery": [
        [
            168.71514892578125,
            200.39175415039062,
            286.6805419921875,
            253.74566650390625
        ],
        [
            168.75816345214844,
            199.90560913085938,
            355.79595947265625,
            253.7668914794922
        ],
        [
            289.0233459472656,
            215.34634399414062,
            355.22515869140625,
            251.1868438720703
        ]
    ],
    "person": [
        [
            430.4313049316406,
            316.4510498046875,
            440.6448669433594,
            347.8359069824219
        ],
        [
            369.0367736816406,
            267.9315185546875,
            379.0071716308594,
            298.9564208984375
        ],
        [
            515.5484619140625,
            302.6319580078125,
            527.5855102539062,
            335.5066833496094
        ],
        [
            284.8221435546875,
            220.51220703125,
            293.9512634277344,
            249.565185546875
        ]
    ]
}