{
    "person": [
        [
            299.894287109375,
            121.19662475585938,
            312.0852355957031,
            152.5940704345703
        ],
        [
            524.978271484375,
            176.73269653320312,
            538.0960693359375,
            214.9962615966797
        ],
        [
            179.30911254882812,
            188.27011108398438,
            192.838134765625,
            233.3191375732422
        ],
        [
            509.7798767089844,
            298.79730224609375,
            528.5888061523438,
            354.2160339355469
        ],
        [
            305.7360534667969,
            258.7832336425781,
            319.7245178222656,
            303.9573974609375
        ],
        [
            389.5278015136719,
            325.2781066894531,
            404.168212890625,
            372.7566833496094
        ],
        [
            492.78228759765625,
            32.16183090209961,
            501.79345703125,
            55.506526947021484
        ],
        [
            504.66937255859375,
            34.31014633178711,
            513.5804443359375,
            61.73210525512695
        ]
    ],
    "machinery": [
        [
            11.567886352539062,
            156.94564819335938,
            292.8912658691406,
            239.93983459472656
        ],
        [
            11.330459594726562,
            157.63433837890625,
            183.38198852539062,
            241.26190185546875
        ]
    ]
}