{
    "person": [
        [
            409.08990478515625,
            302.1003723144531,
            424.9557189941406,
            332.8128356933594
        ],
        [
            336.5196533203125,
            264.8021545410156,
            347.0809326171875,
            297.0953063964844
        ]
    ],
    "truck": [
        [
            519.6652221679688,
            118.28683471679688,
            557.3405151367188,
            157.9546661376953
        ]
    ],
    "bus": [
        [
            519.6652221679688,
            118.28683471679688,
            557.3405151367188,
            157.9546661376953
        ]
    ]
}