{
    "truck": [
        [
            567.2957763671875,
            147.92987060546875,
            596.61474609375,
            188.72511291503906
        ]
    ],
    "bus": [
        [
            567.2957763671875,
            147.92987060546875,
            596.61474609375,
            188.72511291503906
        ]
    ]
}