{
    "machinery": [
        [
            528.404296875,
            94.71622467041016,
            568.681884765625,
            136.40240478515625
        ]
    ],
    "person": [
        [
            368.675537109375,
            252.19009399414062,
            379.4852294921875,
            283.1446228027344
        ]
    ]
}