{
    "machinery": [
        [
            568.3169555664062,
            145.81332397460938,
            601.5004272460938,
            188.64559936523438
        ]
    ],
    "person": [
        [
            606.4376831054688,
            171.89862060546875,
            616.3524780273438,
            193.3115997314453
        ]
    ]
}