{
    "truck": [
        [
            431.3251647949219,
            199.91177368164062,
            537.8189086914062,
            250.7054901123047
        ],
        [
            431.6628723144531,
            199.6561737060547,
            592.4127807617188,
            251.00494384765625
        ]
    ],
    "person": [
        [
            574.5347900390625,
            151.58642578125,
            582.4764404296875,
            172.9167938232422
        ],
        [
            553.9539184570312,
            134.74935913085938,
            560.3948364257812,
            152.69200134277344
        ],
        [
            553.9889526367188,
            134.76791381835938,
            560.2122802734375,
            152.09132385253906
        ]
    ]
}