{
    "machinery": [
        [
            556.4210205078125,
            150.08213806152344,
            588.155517578125,
            192.27232360839844
        ]
    ],
    "person": [
        [
            591.652099609375,
            175.78855895996094,
            602.0136108398438,
            196.50331115722656
        ]
    ]
}