{
    "person": [
        [
            363.6194152832031,
            272.75244140625,
            375.8595275878906,
            300.7767333984375
        ]
    ],
    "machinery": [
        [
            503.3240661621094,
            103.983154296875,
            545.4088134765625,
            147.23699951171875
        ]
    ]
}