{
    "truck": [
        [
            567.8717651367188,
            151.281982421875,
            596.5368041992188,
            192.19532775878906
        ],
        [
            559.0525512695312,
            155.55947875976562,
            571.4713134765625,
            176.99766540527344
        ]
    ],
    "person": [
        [
            600.0545654296875,
            176.55821228027344,
            609.4671020507812,
            199.0890655517578
        ]
    ]
}