{
    "truck": [
        [
            542.1774291992188,
            109.4918441772461,
            578.6200561523438,
            151.03004455566406
        ]
    ],
    "person": [
        [
            384.8616027832031,
            263.1023254394531,
            396.68011474609375,
            294.5340576171875
        ]
    ],
    "bus": [
        [
            542.1774291992188,
            109.4918441772461,
            578.6200561523438,
            151.03004455566406
        ]
    ]
}