{
    "machinery": [
        [
            163.979736328125,
            180.76876831054688,
            285.4676208496094,
            234.48776245117188
        ],
        [
            163.6033935546875,
            180.4009552001953,
            360.0833740234375,
            234.2100830078125
        ]
    ],
    "person": [
        [
            427.5152893066406,
            302.20404052734375,
            438.16937255859375,
            329.7108459472656
        ],
        [
            368.4111633300781,
            250.55096435546875,
            378.7264099121094,
            282.1329650878906
        ]
    ]
}