{
    "truck": [
        [
            192.93321228027344,
            185.11093139648438,
            384.33447265625,
            242.47157287597656
        ]
    ],
    "person": [
        [
            393.9062194824219,
            162.41476440429688,
            401.85089111328125,
            185.22584533691406
        ]
    ]
}