{
    "truck": [
        [
            3428.925537109375,
            1231.8660888671875,
            3694.015380859375,
            1512.6112060546875
        ]
    ],
    "person": [
        [
            2373.333251953125,
            2323.51904296875,
            2461.302978515625,
            2573.60009765625
        ],
        [
            2380.47021484375,
            1459.0301513671875,
            2429.540771484375,
            1579.0277099609375
        ],
        [
            2158.297119140625,
            2245.857177734375,
            2232.946044921875,
            2474.643798828125
        ],
        [
            2033.8248291015625,
            1487.6966552734375,
            2068.9658203125,
            1563.6668701171875
        ],
        [
            2858.011474609375,
            2570.50048828125,
            2939.103515625,
            2776.46826171875
        ],
        [
            2960.701904296875,
            2508.468994140625,
            3050.724609375,
            2696.3876953125
        ],
        [
            2859.67529296875,
            2568.353271484375,
            2938.722412109375,
            2738.849365234375
        ]
    ]
}