{
    "truck": [
        [
            2650.712890625,
            1938.0762939453125,
            3392.4580078125,
            2294.4541015625
        ]
    ],
    "person": [
        [
            3667.895263671875,
            1605.1573486328125,
            3717.69775390625,
            1745.914794921875
        ],
        [
            2454.10498046875,
            1669.846435546875,
            2512.0146484375,
            1817.9735107421875
        ],
        [
            3419.90771484375,
            1439.100830078125,
            3470.117431640625,
            1552.0540771484375
        ],
        [
            2428.169921875,
            2381.592529296875,
            2487.30322265625,
            2598.361328125
        ],
        [
            3457.135986328125,
            1502.9708251953125,
            3507.934326171875,
            1642.881591796875
        ],
        [
            3419.822509765625,
            1530.07763671875,
            3465.09228515625,
            1653.9591064453125
        ],
        [
            3457.3037109375,
            1508.2835693359375,
            3499.877197265625,
            1642.9637451171875
        ],
        [
            3514.2705078125,
            1487.2197265625,
            3555.624267578125,
            1604.1519775390625
        ]
    ]
}