{
    "truck": [
        [
            3139.371826171875,
            1279.0491943359375,
            3394.148681640625,
            1566.379150390625
        ]
    ],
    "person": [
        [
            2357.56201171875,
            2526.61376953125,
            2461.72265625,
            2768.77490234375
        ],
        [
            2130.696044921875,
            1348.3548583984375,
            2184.271484375,
            1433.533203125
        ],
        [
            1944.5025634765625,
            1457.1767578125,
            1983.303466796875,
            1578.454345703125
        ],
        [
            2528.3251953125,
            2582.374267578125,
            2586.818359375,
            2753.0
        ],
        [
            1757.700927734375,
            1495.422607421875,
            1793.74560546875,
            1586.68994140625
        ],
        [
            1932.735107421875,
            1452.864501953125,
            1979.8250732421875,
            1578.3876953125
        ],
        [
            2161.220947265625,
            1501.944091796875,
            2197.97607421875,
            1607.755615234375
        ],
        [
            2163.52880859375,
            1495.969482421875,
            2199.447265625,
            1605.6563720703125
        ],
        [
            1865.515869140625,
            2267.066162109375,
            1930.621337890625,
            2495.23291015625
        ],
        [
            1755.9522705078125,
            1499.1458740234375,
            1787.57470703125,
            1587.1427001953125
        ]
    ]
}