{
    "person": [
        [
            2785.97314453125,
            2526.092529296875,
            2864.827880859375,
            2736.145751953125
        ],
        [
            1866.4405517578125,
            1905.595703125,
            1929.05419921875,
            2105.69775390625
        ],
        [
            2422.09326171875,
            2229.0576171875,
            2493.548583984375,
            2435.999755859375
        ],
        [
            2385.10986328125,
            1661.5718994140625,
            2431.9091796875,
            1800.0411376953125
        ],
        [
            3366.76611328125,
            1223.701171875,
            3408.718994140625,
            1344.2279052734375
        ],
        [
            2516.629150390625,
            1495.4620361328125,
            2558.782470703125,
            1618.6973876953125
        ],
        [
            3325.88916015625,
            2453.123046875,
            3403.294921875,
            2671.67919921875
        ],
        [
            2526.24267578125,
            1922.8104248046875,
            2565.7783203125,
            2016.679931640625
        ]
    ],
    "truck": [
        [
            1091.6158447265625,
            1763.0086669921875,
            2406.695556640625,
            2127.70263671875
        ],
        [
            1095.4161376953125,
            1763.822509765625,
            1874.8759765625,
            2128.621826171875
        ]
    ]
}