{
    "truck": [
        [
            3606.08935546875,
            1654.890869140625,
            3807.37548828125,
            1933.6634521484375
        ]
    ],
    "person": [
        [
            3420.3642578125,
            1628.2626953125,
            3462.515380859375,
            1747.5770263671875
        ],
        [
            3874.392578125,
            1828.317138671875,
            3929.267578125,
            1966.90966796875
        ],
        [
            2402.473876953125,
            2614.14697265625,
            2468.1142578125,
            2813.581787109375
        ],
        [
            3347.374267578125,
            1621.1153564453125,
            3388.698486328125,
            1736.1563720703125
        ],
        [
            2245.682373046875,
            1849.549072265625,
            2287.091796875,
            1971.291015625
        ],
        [
            3352.12548828125,
            1623.076904296875,
            3387.635986328125,
            1735.32958984375
        ],
        [
            3325.08447265625,
            1753.240478515625,
            3358.77783203125,
            1832.3389892578125
        ]
    ]
}