{
    "truck": [
        [
            3599.689208984375,
            1635.9237060546875,
            3801.435791015625,
            1915.39599609375
        ]
    ],
    "person": [
        [
            3860.670166015625,
            1806.6519775390625,
            3919.041748046875,
            1949.7698974609375
        ],
        [
            3415.733154296875,
            1615.175537109375,
            3458.050048828125,
            1730.0799560546875
        ],
        [
            2382.1767578125,
            2588.368896484375,
            2460.491455078125,
            2797.85693359375
        ],
        [
            3337.03271484375,
            1602.7452392578125,
            3381.21142578125,
            1714.8846435546875
        ],
        [
            2234.191162109375,
            1818.2998046875,
            2276.3154296875,
            1947.475341796875
        ],
        [
            3281.287353515625,
            1598.8746337890625,
            3331.1513671875,
            1721.8441162109375
        ],
        [
            3851.78955078125,
            1810.132568359375,
            3890.12255859375,
            1944.4971923828125
        ]
    ]
}