{
    "truck": [
        [
            3376.27001953125,
            1193.07080078125,
            3654.470458984375,
            1478.5208740234375
        ],
        [
            3973.717529296875,
            1269.1763916015625,
            4030.346435546875,
            1453.5386962890625
        ]
    ],
    "person": [
        [
            2286.374755859375,
            2254.647705078125,
            2351.5888671875,
            2477.9609375
        ],
        [
            2110.111083984375,
            2200.740234375,
            2187.5380859375,
            2414.516357421875
        ],
        [
            2370.077392578125,
            1420.015869140625,
            2411.432373046875,
            1526.135986328125
        ]
    ]
}