{
    "person": [
        [
            1010.8704223632812,
            573.3960571289062,
            1024.0577392578125,
            603.6094970703125
        ],
        [
            975.9425048828125,
            518.2088623046875,
            986.9235229492188,
            546.1713256835938
        ],
        [
            984.9368286132812,
            595.372802734375,
            1001.2771606445312,
            635.0182495117188
        ]
    ],
    "truck": [
        [
            1019.5652465820312,
            501.77337646484375,
            1094.276123046875,
            562.141357421875
        ],
        [
            908.7952270507812,
            491.8005676269531,
            959.8887939453125,
            548.2811889648438
        ]
    ],
    "bus": [
        [
            908.7952270507812,
            491.8005676269531,
            959.8887939453125,
            548.2811889648438
        ]
    ],
    "car": [
        [
            459.17230224609375,
            497.6947326660156,
            479.0450134277344,
            509.21514892578125
        ]
    ]
}