{
    "truck": [
        [
            373.708740234375,
            565.9337768554688,
            767.72265625,
            683.2095947265625
        ],
        [
            612.3737182617188,
            603.279541015625,
            758.5279541015625,
            678.3184204101562
        ],
        [
            373.51715087890625,
            566.8489990234375,
            617.2255859375,
            681.942626953125
        ]
    ],
    "person": [
        [
            910.6083374023438,
            793.779541015625,
            934.6250610351562,
            859.0408935546875
        ],
        [
            782.96484375,
            711.06787109375,
            810.4806518554688,
            779.6759033203125
        ],
        [
            1075.172607421875,
            396.0617980957031,
            1089.1336669921875,
            435.19122314453125
        ],
        [
            797.6427612304688,
            586.4314575195312,
            814.3900146484375,
            645.7996826171875
        ],
        [
            1060.952392578125,
            377.7062683105469,
            1074.4307861328125,
            429.149658203125
        ],
        [
            788.8514404296875,
            710.7200317382812,
            811.8045654296875,
            780.3739013671875
        ]
    ]
}