{
    "person": [
        [
            1851.50048828125,
            2017.0303955078125,
            1936.651611328125,
            2211.42919921875
        ],
        [
            1729.944580078125,
            2228.158935546875,
            1824.778564453125,
            2459.480712890625
        ],
        [
            1676.3294677734375,
            2165.8046875,
            1740.8538818359375,
            2375.303955078125
        ],
        [
            2583.678466796875,
            1963.2772216796875,
            2663.637939453125,
            2135.354736328125
        ],
        [
            55.60948181152344,
            1286.894775390625,
            87.00598907470703,
            1399.4937744140625
        ],
        [
            2589.161376953125,
            1521.4339599609375,
            2626.282958984375,
            1621.677734375
        ],
        [
            2523.611083984375,
            1498.4661865234375,
            2571.2861328125,
            1622.810791015625
        ],
        [
            3387.78759765625,
            1188.6436767578125,
            3422.916748046875,
            1258.046875
        ],
        [
            2144.09814453125,
            1530.8890380859375,
            2175.119384765625,
            1612.9215087890625
        ]
    ],
    "truck": [
        [
            3546.685791015625,
            1302.8096923828125,
            3816.432861328125,
            1593.5626220703125
        ],
        [
            3471.610595703125,
            1270.200439453125,
            3595.938232421875,
            1424.069580078125
        ]
    ]
}