{
    "person": [
        [
            2392.82470703125,
            2538.71728515625,
            2511.732177734375,
            2770.113525390625
        ],
        [
            1966.2269287109375,
            1465.5848388671875,
            2008.428955078125,
            1585.37548828125
        ],
        [
            1894.5093994140625,
            2278.8271484375,
            1961.17333984375,
            2505.76904296875
        ],
        [
            2555.88623046875,
            2591.06591796875,
            2611.94140625,
            2756.39453125
        ],
        [
            1782.818603515625,
            1511.6971435546875,
            1815.388916015625,
            1593.131591796875
        ],
        [
            1783.3782958984375,
            1513.977783203125,
            1816.6038818359375,
            1595.470947265625
        ]
    ],
    "truck": [
        [
            3168.08837890625,
            1292.02001953125,
            3421.26708984375,
            1575.9439697265625
        ],
        [
            3112.94140625,
            1254.91943359375,
            3223.218505859375,
            1405.401611328125
        ]
    ]
}