{
    "person": [
        [
            2417.460693359375,
            1655.265380859375,
            2463.55419921875,
            1787.7491455078125
        ],
        [
            2816.977783203125,
            2535.770751953125,
            2890.06884765625,
            2743.671142578125
        ],
        [
            1899.39111328125,
            1917.0379638671875,
            1955.648681640625,
            2110.633056640625
        ],
        [
            2451.7880859375,
            2234.7099609375,
            2517.662109375,
            2442.01611328125
        ],
        [
            3391.390869140625,
            1220.5986328125,
            3434.9833984375,
            1344.2325439453125
        ],
        [
            3243.819580078125,
            974.9706420898438,
            3276.138427734375,
            1056.9698486328125
        ],
        [
            3341.374267578125,
            1208.68701171875,
            3378.6455078125,
            1342.5147705078125
        ],
        [
            2555.996337890625,
            1932.915283203125,
            2591.455078125,
            2018.8707275390625
        ],
        [
            2650.611572265625,
            1960.246826171875,
            2685.735595703125,
            2018.9864501953125
        ],
        [
            2549.794677734375,
            1492.71240234375,
            2589.36572265625,
            1618.124267578125
        ]
    ],
    "truck": [
        [
            1120.318359375,
            1769.491455078125,
            1902.030029296875,
            2135.60986328125
        ],
        [
            1120.9857177734375,
            1766.452392578125,
            2418.6103515625,
            2137.2646484375
        ]
    ]
}