{
    "person": [
        [
            1841.5537109375,
            1871.5859375,
            1896.6871337890625,
            2075.3056640625
        ],
        [
            2763.010009765625,
            2504.022705078125,
            2832.760009765625,
            2709.430908203125
        ],
        [
            2380.08642578125,
            1590.838623046875,
            2424.618896484375,
            1729.3553466796875
        ],
        [
            3282.2529296875,
            1169.7998046875,
            3323.373779296875,
            1278.884765625
        ],
        [
            3332.424072265625,
            1183.3671875,
            3378.98388671875,
            1307.2332763671875
        ],
        [
            3460.39404296875,
            1851.6337890625,
            3509.47216796875,
            2028.7452392578125
        ]
    ],
    "truck": [
        [
            1071.2158203125,
            1729.46142578125,
            1851.987060546875,
            2095.841064453125
        ],
        [
            1077.150146484375,
            1726.728271484375,
            2333.327392578125,
            2089.6328125
        ],
        [
            1870.50146484375,
            1837.2266845703125,
            2403.737060546875,
            2086.475830078125
        ]
    ]
}