{
    "truck": [
        [
            3173.1669921875,
            1262.8033447265625,
            3429.53515625,
            1550.5675048828125
        ],
        [
            3116.60595703125,
            1224.9254150390625,
            3217.85498046875,
            1377.045166015625
        ]
    ],
    "person": [
        [
            2366.54931640625,
            2507.558837890625,
            2438.401123046875,
            2731.378662109375
        ],
        [
            2558.6123046875,
            2562.564453125,
            2619.88330078125,
            2744.31689453125
        ],
        [
            1897.8260498046875,
            2249.73681640625,
            1964.0745849609375,
            2470.621826171875
        ],
        [
            2181.67041015625,
            1466.69580078125,
            2225.035400390625,
            1586.445556640625
        ],
        [
            2756.321044921875,
            2503.67578125,
            2834.558349609375,
            2757.824951171875
        ],
        [
            1972.5665283203125,
            1435.53857421875,
            2013.77783203125,
            1556.6339111328125
        ]
    ]
}