{
    "person": [
        [
            1842.1737060546875,
            1873.6763916015625,
            1897.1466064453125,
            2070.369140625
        ],
        [
            2765.19921875,
            2493.99365234375,
            2831.697021484375,
            2706.06005859375
        ],
        [
            2378.614501953125,
            1590.0167236328125,
            2423.7001953125,
            1724.7064208984375
        ],
        [
            3332.732177734375,
            1180.753173828125,
            3380.5712890625,
            1306.3505859375
        ],
        [
            3280.31640625,
            1168.0478515625,
            3324.63427734375,
            1309.3282470703125
        ],
        [
            2405.03759765625,
            2191.393798828125,
            2464.294189453125,
            2398.294677734375
        ]
    ],
    "truck": [
        [
            1080.2091064453125,
            1723.08837890625,
            2314.49951171875,
            2086.73193359375
        ],
        [
            1085.384521484375,
            1723.388916015625,
            1856.8590087890625,
            2091.4072265625
        ]
    ],
    "car": [
        [
            1042.3782958984375,
            1269.951904296875,
            1150.39453125,
            1331.3267822265625
        ]
    ]
}