{
    "person": [
        [
            1800.131103515625,
            2100.40625,
            1866.483154296875,
            2297.239990234375
        ],
        [
            1740.9263916015625,
            2259.6845703125,
            1812.185302734375,
            2461.681396484375
        ],
        [
            1871.16650390625,
            2329.589111328125,
            1959.503173828125,
            2564.725830078125
        ],
        [
            2411.09375,
            2013.753173828125,
            2503.92724609375,
            2199.32568359375
        ],
        [
            2176.164306640625,
            1582.79345703125,
            2206.24609375,
            1661.007568359375
        ],
        [
            2662.830078125,
            1564.681884765625,
            2702.235107421875,
            1685.0010986328125
        ]
    ],
    "truck": [
        [
            3584.301513671875,
            1344.058349609375,
            3851.539306640625,
            1637.3543701171875
        ],
        [
            3496.861328125,
            1308.4554443359375,
            3628.109619140625,
            1477.0279541015625
        ]
    ]
}