{
    "truck": [
        [
            2511.862060546875,
            1884.7294921875,
            3238.396484375,
            2227.9990234375
        ],
        [
            3250.203857421875,
            1976.3048095703125,
            3682.746337890625,
            2217.64501953125
        ]
    ],
    "person": [
        [
            3379.208984375,
            1385.5433349609375,
            3432.935791015625,
            1506.7969970703125
        ],
        [
            3649.048828125,
            1568.4530029296875,
            3697.151611328125,
            1707.6968994140625
        ],
        [
            2361.78564453125,
            1715.79541015625,
            2398.71728515625,
            1848.367431640625
        ],
        [
            2230.7900390625,
            1610.4530029296875,
            2263.651123046875,
            1704.404296875
        ],
        [
            2397.250732421875,
            2329.5166015625,
            2450.702880859375,
            2531.189208984375
        ],
        [
            2424.500244140625,
            1655.211181640625,
            2459.654296875,
            1774.954345703125
        ],
        [
            3393.679931640625,
            1495.6297607421875,
            3446.140625,
            1609.905029296875
        ],
        [
            3453.354736328125,
            1481.5677490234375,
            3500.482421875,
            1597.8848876953125
        ],
        [
            3295.8935546875,
            1489.3851318359375,
            3328.736328125,
            1566.62939453125
        ],
        [
            2426.72705078125,
            1653.0543212890625,
            2465.435302734375,
            1743.8846435546875
        ]
    ]
}