{
    "truck": [
        [
            2472.93017578125,
            1931.6005859375,
            3205.09326171875,
            2286.712646484375
        ],
        [
            3219.20751953125,
            2011.4791259765625,
            3689.50244140625,
            2264.2939453125
        ]
    ],
    "person": [
        [
            3731.92578125,
            1634.441162109375,
            3787.4873046875,
            1776.5321044921875
        ],
        [
            3440.419677734375,
            1430.8497314453125,
            3487.5947265625,
            1556.05126953125
        ],
        [
            2423.00146484375,
            1763.7711181640625,
            2457.725830078125,
            1894.48828125
        ],
        [
            3473.230224609375,
            1558.35498046875,
            3522.179443359375,
            1677.2193603515625
        ],
        [
            2454.727783203125,
            2374.44384765625,
            2507.952880859375,
            2579.75732421875
        ],
        [
            3538.680419921875,
            1524.2080078125,
            3586.825927734375,
            1660.3511962890625
        ],
        [
            2502.88623046875,
            1668.9881591796875,
            2555.276611328125,
            1794.7254638671875
        ],
        [
            3537.21142578125,
            1482.052734375,
            3588.922607421875,
            1659.9456787109375
        ],
        [
            2351.806640625,
            1648.795166015625,
            2385.345458984375,
            1746.695556640625
        ]
    ]
}