{
    "person": [
        [
            3669.751708984375,
            1573.892578125,
            3716.03173828125,
            1712.9920654296875
        ],
        [
            3390.912109375,
            1384.3900146484375,
            3444.919677734375,
            1509.4639892578125
        ],
        [
            3414.419921875,
            1497.2335205078125,
            3464.560302734375,
            1616.8743896484375
        ],
        [
            2249.22998046875,
            1614.6248779296875,
            2285.665283203125,
            1711.57470703125
        ],
        [
            2375.9755859375,
            1719.9617919921875,
            2411.9052734375,
            1851.624267578125
        ],
        [
            3470.7392578125,
            1457.7215576171875,
            3520.8154296875,
            1600.5006103515625
        ],
        [
            3473.805908203125,
            1438.2724609375,
            3527.25439453125,
            1571.8328857421875
        ],
        [
            2414.693359375,
            2329.000732421875,
            2464.091552734375,
            2535.65625
        ],
        [
            2440.216796875,
            1649.2689208984375,
            2478.247802734375,
            1749.719970703125
        ]
    ],
    "truck": [
        [
            2516.79443359375,
            1888.4278564453125,
            3247.396484375,
            2232.72265625
        ],
        [
            3263.36962890625,
            1979.5408935546875,
            3762.400634765625,
            2219.72314453125
        ],
        [
            2515.5068359375,
            1887.643798828125,
            3769.834228515625,
            2235.60986328125
        ]
    ]
}