{
    "person": [
        [
            2793.493408203125,
            2532.424072265625,
            2877.3662109375,
            2744.730712890625
        ],
        [
            1875.6527099609375,
            1916.530517578125,
            1936.8900146484375,
            2112.973876953125
        ],
        [
            2528.92724609375,
            1496.5682373046875,
            2565.857666015625,
            1623.1787109375
        ],
        [
            2400.89208984375,
            1650.887939453125,
            2448.826904296875,
            1787.422119140625
        ],
        [
            3372.564453125,
            1223.901611328125,
            3412.669189453125,
            1345.7808837890625
        ],
        [
            2537.4501953125,
            1931.04150390625,
            2571.383056640625,
            2021.7181396484375
        ],
        [
            2431.964599609375,
            2232.732666015625,
            2496.75146484375,
            2439.3623046875
        ],
        [
            3236.777587890625,
            975.64794921875,
            3262.84033203125,
            1055.7874755859375
        ],
        [
            3319.455810546875,
            1212.6640625,
            3362.553466796875,
            1340.3638916015625
        ],
        [
            2625.768310546875,
            1962.5518798828125,
            2664.808837890625,
            2015.824951171875
        ]
    ],
    "truck": [
        [
            1102.31201171875,
            1769.78564453125,
            1882.3016357421875,
            2136.021728515625
        ],
        [
            1100.415283203125,
            1766.1146240234375,
            2422.656005859375,
            2134.187255859375
        ],
        [
            1915.3272705078125,
            1882.5438232421875,
            2439.479248046875,
            2124.9501953125
        ]
    ]
}