{
    "person": [
        [
            786.701171875,
            499.2247619628906,
            802.7517700195312,
            543.6935424804688
        ],
        [
            1088.430908203125,
            373.216064453125,
            1103.0548095703125,
            412.9597473144531
        ],
        [
            613.3527221679688,
            592.5599365234375,
            631.1336669921875,
            656.2191162109375
        ],
        [
            790.7555541992188,
            695.0825805664062,
            811.6629638671875,
            761.7298583984375
        ],
        [
            1071.46533203125,
            367.76995849609375,
            1085.0362548828125,
            411.4280700683594
        ]
    ],
    "truck": [
        [
            368.7966613769531,
            545.84765625,
            766.1068115234375,
            662.1675415039062
        ],
        [
            368.21435546875,
            546.2404174804688,
            618.7597045898438,
            662.9096069335938
        ]
    ]
}