{
    "person": [
        [
            1914.70068359375,
            2371.411865234375,
            2016.4317626953125,
            2605.9697265625
        ],
        [
            1810.0548095703125,
            2131.017578125,
            1877.6495361328125,
            2327.82177734375
        ],
        [
            1774.81591796875,
            2298.949951171875,
            1835.33154296875,
            2505.564697265625
        ],
        [
            2683.093505859375,
            1588.3739013671875,
            2724.402587890625,
            1699.135009765625
        ],
        [
            2426.840087890625,
            2046.994873046875,
            2473.75048828125,
            2227.39453125
        ],
        [
            3426.3193359375,
            1264.712158203125,
            3483.70458984375,
            1401.706298828125
        ],
        [
            3471.087158203125,
            1327.1080322265625,
            3512.5693359375,
            1439.3619384765625
        ]
    ],
    "truck": [
        [
            3610.40771484375,
            1376.0699462890625,
            3878.72265625,
            1664.4444580078125
        ],
        [
            3527.762939453125,
            1343.7535400390625,
            3645.40234375,
            1511.4014892578125
        ]
    ]
}