{
    "truck": [
        [
            3610.206298828125,
            1373.7060546875,
            3881.132568359375,
            1664.9752197265625
        ],
        [
            3527.287841796875,
            1343.408203125,
            3643.1708984375,
            1505.2213134765625
        ]
    ],
    "person": [
        [
            1915.8194580078125,
            2374.966796875,
            2023.753662109375,
            2606.910400390625
        ],
        [
            1807.921875,
            2132.678955078125,
            1875.9481201171875,
            2325.908203125
        ],
        [
            1777.1744384765625,
            2299.830810546875,
            1840.56103515625,
            2507.066650390625
        ],
        [
            3469.7109375,
            1323.1561279296875,
            3513.298828125,
            1436.9505615234375
        ],
        [
            3441.855224609375,
            1263.9456787109375,
            3482.628173828125,
            1328.2816162109375
        ],
        [
            2681.369384765625,
            1592.040771484375,
            2723.4697265625,
            1697.6513671875
        ]
    ]
}