{
    "truck": [
        [
            2632.995361328125,
            1958.4927978515625,
            3375.940185546875,
            2313.080810546875
        ],
        [
            3376.42919921875,
            2018.3260498046875,
            3797.359375,
            2273.49169921875
        ]
    ],
    "person": [
        [
            3463.46728515625,
            1532.5831298828125,
            3509.82275390625,
            1656.76904296875
        ],
        [
            3672.848388671875,
            1626.6021728515625,
            3723.571044921875,
            1763.5089111328125
        ],
        [
            2210.226806640625,
            1682.51025390625,
            2248.37060546875,
            1779.2342529296875
        ],
        [
            2454.080810546875,
            1698.3656005859375,
            2507.03564453125,
            1846.628173828125
        ],
        [
            3418.083740234375,
            1451.7982177734375,
            3465.943603515625,
            1569.6756591796875
        ],
        [
            2433.802001953125,
            2398.623779296875,
            2488.24755859375,
            2614.74169921875
        ],
        [
            3421.4765625,
            1547.586181640625,
            3466.54833984375,
            1670.15185546875
        ],
        [
            2391.614501953125,
            1789.412353515625,
            2441.012451171875,
            1919.5067138671875
        ]
    ]
}