{
    "person": [
        [
            3521.07861328125,
            1481.443603515625,
            3558.724609375,
            1598.4481201171875
        ],
        [
            3668.845458984375,
            1599.1365966796875,
            3718.480224609375,
            1736.47607421875
        ],
        [
            3426.388916015625,
            1432.769775390625,
            3483.582763671875,
            1549.0440673828125
        ],
        [
            2433.871826171875,
            2372.72607421875,
            2486.618896484375,
            2578.922607421875
        ],
        [
            3458.07861328125,
            1497.1522216796875,
            3505.265380859375,
            1621.8592529296875
        ],
        [
            2397.468017578125,
            1762.646484375,
            2447.930419921875,
            1893.966796875
        ],
        [
            2465.734375,
            1670.61083984375,
            2520.415283203125,
            1791.3778076171875
        ],
        [
            3428.49755859375,
            1535.156005859375,
            3476.1171875,
            1650.260009765625
        ],
        [
            3417.674072265625,
            1545.390625,
            3468.19921875,
            1654.90869140625
        ],
        [
            2466.6484375,
            1630.57421875,
            2523.03857421875,
            1791.7581787109375
        ]
    ],
    "truck": [
        [
            2663.078369140625,
            1932.80029296875,
            3411.89404296875,
            2287.589111328125
        ],
        [
            2661.234375,
            1931.1121826171875,
            3823.9736328125,
            2284.0556640625
        ]
    ]
}