{
    "person": [
        [
            2385.73095703125,
            1728.2406005859375,
            2431.298828125,
            1861.31787109375
        ],
        [
            3647.544921875,
            1560.7862548828125,
            3692.434814453125,
            1700.3287353515625
        ],
        [
            2474.229248046875,
            1602.0340576171875,
            2513.7978515625,
            1750.827392578125
        ],
        [
            2168.4189453125,
            1615.503173828125,
            2207.630859375,
            1711.6746826171875
        ],
        [
            3421.427734375,
            1397.339111328125,
            3481.56884765625,
            1572.163818359375
        ],
        [
            2424.668701171875,
            2338.220947265625,
            2476.013427734375,
            2543.547119140625
        ]
    ],
    "truck": [
        [
            2688.055908203125,
            1895.8360595703125,
            3904.61328125,
            2258.36767578125
        ],
        [
            2686.38330078125,
            1898.720458984375,
            3437.386962890625,
            2255.70068359375
        ]
    ]
}