{
    "truck": [
        [
            3493.44677734375,
            1698.6732177734375,
            3689.4296875,
            1974.5587158203125
        ],
        [
            3421.59130859375,
            1727.0216064453125,
            3506.099365234375,
            1873.977294921875
        ],
        [
            3938.30419921875,
            1800.2220458984375,
            4030.426025390625,
            2045.49462890625
        ]
    ],
    "person": [
        [
            3729.016845703125,
            1875.0341796875,
            3789.062255859375,
            2022.338134765625
        ],
        [
            3229.43896484375,
            1666.8656005859375,
            3269.5302734375,
            1778.304931640625
        ],
        [
            2437.13525390625,
            1914.415283203125,
            2473.221923828125,
            2022.34716796875
        ],
        [
            3298.313232421875,
            1671.6112060546875,
            3341.17822265625,
            1793.8695068359375
        ],
        [
            2123.221923828125,
            1884.8223876953125,
            2160.493408203125,
            2003.8182373046875
        ],
        [
            3111.380615234375,
            1678.0223388671875,
            3163.1083984375,
            1804.170654296875
        ],
        [
            2272.844482421875,
            2648.89697265625,
            2353.480712890625,
            2857.66650390625
        ],
        [
            1981.133056640625,
            1948.6396484375,
            2014.6927490234375,
            2014.2803955078125
        ],
        [
            2641.8115234375,
            1654.66357421875,
            2674.617431640625,
            1770.350830078125
        ],
        [
            2915.533203125,
            1440.1754150390625,
            2971.784912109375,
            1524.8592529296875
        ]
    ]
}