{
    "person": [
        [
            3524.822265625,
            1561.5726318359375,
            3577.9453125,
            1694.3653564453125
        ],
        [
            3461.907958984375,
            1480.14404296875,
            3498.75048828125,
            1596.1671142578125
        ],
        [
            3376.34912109375,
            1431.4537353515625,
            3430.735107421875,
            1550.6754150390625
        ],
        [
            2481.2548828125,
            1654.9217529296875,
            2522.775390625,
            1780.0794677734375
        ],
        [
            2051.875732421875,
            1644.3817138671875,
            2084.614990234375,
            1739.40771484375
        ],
        [
            2379.4189453125,
            2372.72900390625,
            2434.943359375,
            2579.92919921875
        ],
        [
            2313.7177734375,
            1745.9224853515625,
            2359.671875,
            1877.7335205078125
        ],
        [
            3330.13330078125,
            1467.345703125,
            3382.13427734375,
            1631.4639892578125
        ]
    ],
    "truck": [
        [
            2766.097900390625,
            1923.908935546875,
            3511.39208984375,
            2285.7509765625
        ],
        [
            2764.957763671875,
            1922.246337890625,
            3917.377197265625,
            2284.870849609375
        ]
    ]
}