{
    "truck": [
        [
            1135.6229248046875,
            1731.7274169921875,
            1921.9786376953125,
            2099.504638671875
        ],
        [
            1953.3929443359375,
            1831.2659912109375,
            2480.105224609375,
            2090.355712890625
        ],
        [
            1952.5811767578125,
            1838.9998779296875,
            2391.0263671875,
            2088.79296875
        ]
    ],
    "person": [
        [
            1912.64208984375,
            1877.2952880859375,
            1973.030029296875,
            2077.447021484375
        ],
        [
            2836.458740234375,
            2503.34716796875,
            2903.305419921875,
            2708.566650390625
        ],
        [
            2448.725830078125,
            1603.1939697265625,
            2490.643310546875,
            1746.2821044921875
        ],
        [
            3412.64501953125,
            1186.712646484375,
            3458.898681640625,
            1314.025390625
        ],
        [
            3354.912841796875,
            1174.6357421875,
            3399.874267578125,
            1308.059814453125
        ],
        [
            2477.5390625,
            2197.0654296875,
            2532.178466796875,
            2411.681640625
        ],
        [
            2573.8701171875,
            1894.2442626953125,
            2606.438720703125,
            1983.3690185546875
        ]
    ]
}