{
    "truck": [
        [
            3126.86376953125,
            1274.59423828125,
            3386.425537109375,
            1560.9290771484375
        ]
    ],
    "person": [
        [
            2356.64208984375,
            2520.52099609375,
            2469.80419921875,
            2758.768310546875
        ],
        [
            1747.9925537109375,
            1496.00244140625,
            1781.6820068359375,
            1582.8125
        ],
        [
            2518.854248046875,
            2576.73828125,
            2576.34130859375,
            2736.58056640625
        ],
        [
            2156.01953125,
            1499.22607421875,
            2190.01123046875,
            1597.34423828125
        ],
        [
            1930.08203125,
            1449.1517333984375,
            1971.9332275390625,
            1575.9173583984375
        ],
        [
            2114.408203125,
            1342.3218994140625,
            2180.98681640625,
            1426.986328125
        ],
        [
            2157.58642578125,
            1490.69482421875,
            2194.6806640625,
            1598.6666259765625
        ]
    ]
}