{
    "person": [
        [
            1805.4957275390625,
            2101.706787109375,
            1870.7783203125,
            2297.023681640625
        ],
        [
            1761.70068359375,
            2266.60986328125,
            1827.10546875,
            2474.666259765625
        ],
        [
            1900.04345703125,
            2342.23828125,
            1996.3607177734375,
            2574.7236328125
        ],
        [
            2421.552734375,
            2025.9635009765625,
            2495.018798828125,
            2203.351318359375
        ],
        [
            2676.078857421875,
            1564.767578125,
            2717.90625,
            1667.266845703125
        ],
        [
            2187.805908203125,
            1585.796630859375,
            2218.030517578125,
            1664.2860107421875
        ]
    ],
    "truck": [
        [
            3594.21484375,
            1348.49462890625,
            3868.422607421875,
            1645.029541015625
        ]
    ]
}