{
    "truck": [
        [
            3570.02197265625,
            1624.572265625,
            3769.533935546875,
            1905.682861328125
        ]
    ],
    "person": [
        [
            3826.541259765625,
            1797.385009765625,
            3888.172607421875,
            1938.920654296875
        ],
        [
            3384.636474609375,
            1596.9791259765625,
            3427.142578125,
            1709.0677490234375
        ],
        [
            2069.625,
            1858.0325927734375,
            2104.565673828125,
            1941.2318115234375
        ],
        [
            3263.704833984375,
            1596.373291015625,
            3311.359619140625,
            1715.3543701171875
        ],
        [
            3310.1572265625,
            1588.7987060546875,
            3354.337646484375,
            1704.3564453125
        ],
        [
            2207.05908203125,
            1809.95166015625,
            2251.186279296875,
            1932.8585205078125
        ],
        [
            2362.9501953125,
            2580.876220703125,
            2432.280029296875,
            2790.226318359375
        ]
    ]
}