{
    "person": [
        [
            2429.8486328125,
            1635.638427734375,
            2481.146728515625,
            1767.68212890625
        ],
        [
            2826.2197265625,
            2526.98486328125,
            2899.302001953125,
            2729.403564453125
        ],
        [
            1904.697265625,
            1900.5750732421875,
            1964.290771484375,
            2105.673583984375
        ],
        [
            2466.937255859375,
            2226.089111328125,
            2534.210205078125,
            2436.21240234375
        ],
        [
            3372.6904296875,
            2470.44921875,
            3436.289306640625,
            2664.010986328125
        ],
        [
            2555.59033203125,
            1487.1610107421875,
            2592.9033203125,
            1608.2423095703125
        ],
        [
            2568.360107421875,
            1920.22314453125,
            2602.08447265625,
            2012.2977294921875
        ],
        [
            3396.33544921875,
            1209.5909423828125,
            3441.622802734375,
            1330.884033203125
        ],
        [
            3617.7802734375,
            1875.1522216796875,
            3710.390380859375,
            2052.708740234375
        ]
    ],
    "truck": [
        [
            1127.0045166015625,
            1763.9403076171875,
            1911.629638671875,
            2131.576171875
        ],
        [
            1131.5194091796875,
            1763.369873046875,
            2430.479736328125,
            2130.2685546875
        ]
    ]
}