{
    "person": [
        [
            1794.980224609375,
            2314.421875,
            1896.7015380859375,
            2548.872802734375
        ],
        [
            1815.7161865234375,
            2089.16455078125,
            1898.0906982421875,
            2290.073486328125
        ],
        [
            1706.1817626953125,
            2244.755615234375,
            1776.42041015625,
            2450.431640625
        ],
        [
            2498.523681640625,
            2020.6920166015625,
            2574.28662109375,
            2193.395751953125
        ],
        [
            2629.181640625,
            1571.2008056640625,
            2665.665771484375,
            1667.768798828125
        ],
        [
            2535.15234375,
            1552.7705078125,
            2584.13525390625,
            1670.44873046875
        ],
        [
            2159.322265625,
            1574.976806640625,
            2189.684814453125,
            1668.0853271484375
        ]
    ],
    "truck": [
        [
            3569.42822265625,
            1339.10888671875,
            3840.828857421875,
            1629.7386474609375
        ],
        [
            3481.72314453125,
            1310.585205078125,
            3616.93017578125,
            1469.71435546875
        ]
    ]
}