{
    "person": [
        [
            1954.3448486328125,
            1913.459228515625,
            2041.7198486328125,
            2140.871826171875
        ],
        [
            2836.67138671875,
            2515.293701171875,
            2927.0966796875,
            2734.31298828125
        ],
        [
            2446.23193359375,
            1716.4735107421875,
            2490.65478515625,
            1858.12890625
        ],
        [
            2531.692138671875,
            1924.4354248046875,
            2575.78369140625,
            2039.233154296875
        ],
        [
            3082.180419921875,
            997.7686157226562,
            3122.1298828125,
            1077.16162109375
        ],
        [
            3287.28173828125,
            987.8839111328125,
            3318.988525390625,
            1077.43798828125
        ],
        [
            3423.177734375,
            1242.637939453125,
            3462.29296875,
            1360.9404296875
        ],
        [
            3369.5283203125,
            1220.3740234375,
            3409.793701171875,
            1349.526611328125
        ],
        [
            2476.1103515625,
            2244.031005859375,
            2545.7939453125,
            2463.602294921875
        ],
        [
            3480.173583984375,
            1293.0421142578125,
            3522.494384765625,
            1392.616943359375
        ],
        [
            2578.658935546875,
            1507.581298828125,
            2613.4150390625,
            1629.41455078125
        ],
        [
            3477.8974609375,
            1294.5106201171875,
            3524.17041015625,
            1408.30908203125
        ],
        [
            3387.110107421875,
            2456.682373046875,
            3458.30078125,
            2691.929931640625
        ]
    ],
    "truck": [
        [
            1148.9295654296875,
            1772.3056640625,
            2402.648193359375,
            2143.017578125
        ],
        [
            1148.7646484375,
            1777.57763671875,
            1941.5203857421875,
            2141.7802734375
        ]
    ]
}