{
    "person": [
        [
            3628.041259765625,
            1549.3046875,
            3679.4072265625,
            1683.324462890625
        ],
        [
            2385.744384765625,
            1715.6788330078125,
            2428.166259765625,
            1851.162841796875
        ],
        [
            2418.477294921875,
            2327.459716796875,
            2474.523193359375,
            2537.013916015625
        ],
        [
            3408.712158203125,
            1389.225341796875,
            3470.412109375,
            1565.515869140625
        ],
        [
            2143.35693359375,
            1599.297607421875,
            2178.334228515625,
            1701.6319580078125
        ],
        [
            3390.798095703125,
            1486.7896728515625,
            3432.7216796875,
            1605.6033935546875
        ],
        [
            3405.32373046875,
            1390.0172119140625,
            3473.094482421875,
            1544.7999267578125
        ],
        [
            2482.468017578125,
            1615.795166015625,
            2529.449462890625,
            1741.8660888671875
        ],
        [
            3500.943359375,
            1438.34619140625,
            3540.4091796875,
            1558.1273193359375
        ]
    ],
    "truck": [
        [
            2728.562744140625,
            1887.161376953125,
            3468.302490234375,
            2247.981201171875
        ],
        [
            2726.767578125,
            1884.7969970703125,
            3918.989501953125,
            2250.980224609375
        ]
    ],
    "car": [
        [
            1097.6646728515625,
            1422.1278076171875,
            1194.8121337890625,
            1482.4388427734375
        ]
    ]
}