{
    "truck": [
        [
            3501.95458984375,
            1694.611083984375,
            3700.33740234375,
            1972.5484619140625
        ],
        [
            3426.465087890625,
            1719.9312744140625,
            3512.587158203125,
            1867.9395751953125
        ]
    ],
    "person": [
        [
            3233.953125,
            1661.855712890625,
            3277.49072265625,
            1777.07275390625
        ],
        [
            3733.81689453125,
            1877.5947265625,
            3795.0673828125,
            2014.279541015625
        ],
        [
            2280.688720703125,
            2646.2412109375,
            2357.7587890625,
            2851.183349609375
        ],
        [
            3114.988525390625,
            1673.6710205078125,
            3168.7490234375,
            1804.7113037109375
        ]
    ]
}