{
    "person": [
        [
            2399.00732421875,
            2506.1943359375,
            2510.233154296875,
            2726.1484375
        ],
        [
            2123.77734375,
            1471.175048828125,
            2167.937255859375,
            1594.525146484375
        ],
        [
            2290.93408203125,
            1503.067138671875,
            2352.34912109375,
            1624.8768310546875
        ],
        [
            1951.6402587890625,
            1525.8531494140625,
            1988.948486328125,
            1607.296875
        ],
        [
            2079.04248046875,
            2279.244384765625,
            2145.966796875,
            2509.234619140625
        ],
        [
            1953.38525390625,
            1524.4820556640625,
            1994.0736083984375,
            1607.712890625
        ],
        [
            2143.653076171875,
            1475.1910400390625,
            2181.592529296875,
            1593.7142333984375
        ]
    ],
    "truck": [
        [
            3328.513916015625,
            1265.2371826171875,
            3595.7421875,
            1552.4908447265625
        ]
    ]
}