{
    "truck": [
        [
            3598.30810546875,
            1649.417724609375,
            3797.868896484375,
            1931.346923828125
        ]
    ],
    "person": [
        [
            3877.69482421875,
            1823.271484375,
            3924.93994140625,
            1962.4600830078125
        ],
        [
            2397.126220703125,
            2609.1904296875,
            2464.249755859375,
            2814.373779296875
        ],
        [
            3340.433349609375,
            1617.8414306640625,
            3379.675048828125,
            1735.6204833984375
        ],
        [
            3412.397705078125,
            1624.116455078125,
            3456.14501953125,
            1743.656494140625
        ],
        [
            2232.192626953125,
            1837.3604736328125,
            2278.274169921875,
            1963.39599609375
        ],
        [
            3851.130615234375,
            1823.8563232421875,
            3893.648681640625,
            1955.7286376953125
        ]
    ]
}