{
    "truck": [
        [
            3502.09130859375,
            1641.1558837890625,
            3698.628662109375,
            1918.2490234375
        ]
    ],
    "person": [
        [
            3747.46044921875,
            1819.151123046875,
            3801.138916015625,
            1962.0745849609375
        ],
        [
            3236.5771484375,
            1607.9765625,
            3281.18212890625,
            1722.21728515625
        ],
        [
            2281.003662109375,
            2588.996826171875,
            2365.36474609375,
            2796.769775390625
        ]
    ]
}