{
    "person": [
        [
            2789.020263671875,
            2526.059814453125,
            2870.363037109375,
            2736.646240234375
        ],
        [
            1869.0731201171875,
            1912.4617919921875,
            1928.3482666015625,
            2106.64111328125
        ],
        [
            2425.65771484375,
            2226.58447265625,
            2494.35595703125,
            2446.58837890625
        ],
        [
            2386.425537109375,
            1653.1495361328125,
            2433.052490234375,
            1795.005859375
        ],
        [
            3363.358154296875,
            1221.33935546875,
            3406.987060546875,
            1340.218505859375
        ],
        [
            2518.478271484375,
            1495.4000244140625,
            2558.142822265625,
            1618.075439453125
        ],
        [
            2528.972412109375,
            1924.461181640625,
            2565.200927734375,
            2017.11328125
        ],
        [
            3346.484130859375,
            1375.876220703125,
            3375.0263671875,
            1450.481201171875
        ]
    ],
    "truck": [
        [
            1096.4239501953125,
            1763.3948974609375,
            2401.2705078125,
            2129.9052734375
        ],
        [
            1101.4912109375,
            1765.15966796875,
            1875.895263671875,
            2131.846923828125
        ]
    ]
}