{
    "truck": [
        [
            3392.667236328125,
            1182.4185791015625,
            3660.12109375,
            1459.35986328125
        ],
        [
            3338.97998046875,
            1144.0069580078125,
            3448.9453125,
            1298.6541748046875
        ]
    ],
    "person": [
        [
            2295.302978515625,
            2238.987060546875,
            2365.34912109375,
            2468.701904296875
        ],
        [
            2117.396484375,
            2196.3115234375,
            2197.0244140625,
            2416.185546875
        ],
        [
            2374.2548828125,
            1408.114990234375,
            2415.0419921875,
            1524.033203125
        ],
        [
            2154.244140625,
            1374.212646484375,
            2205.26953125,
            1500.81982421875
        ],
        [
            2009.1458740234375,
            1406.809814453125,
            2047.6943359375,
            1507.78515625
        ],
        [
            2819.207275390625,
            2501.447021484375,
            2912.0849609375,
            2677.662841796875
        ]
    ]
}