{
    "person": [
        [
            2474.413818359375,
            1623.9332275390625,
            2515.68359375,
            1764.1365966796875
        ],
        [
            2176.838134765625,
            1619.2479248046875,
            2213.413330078125,
            1715.786376953125
        ],
        [
            2428.82763671875,
            2345.35498046875,
            2481.343505859375,
            2553.171630859375
        ],
        [
            3656.49658203125,
            1571.5208740234375,
            3702.043212890625,
            1707.801513671875
        ],
        [
            2390.045166015625,
            1733.4580078125,
            2434.62109375,
            1865.170654296875
        ],
        [
            3400.30029296875,
            1401.8524169921875,
            3475.819580078125,
            1523.7496337890625
        ],
        [
            3453.50537109375,
            1469.945556640625,
            3491.8056640625,
            1600.1378173828125
        ],
        [
            3441.98779296875,
            1466.392822265625,
            3491.043212890625,
            1606.371337890625
        ],
        [
            3652.11376953125,
            1569.8092041015625,
            3701.814453125,
            1707.5716552734375
        ]
    ],
    "truck": [
        [
            2670.43115234375,
            1907.02294921875,
            3430.561279296875,
            2261.0625
        ],
        [
            2671.9365234375,
            1905.203857421875,
            3866.75244140625,
            2264.2421875
        ]
    ]
}