{
    "person": [
        [
            1008.8444213867188,
            578.48486328125,
            1021.329345703125,
            609.355224609375
        ],
        [
            974.3088989257812,
            518.7886962890625,
            986.1544189453125,
            546.5780639648438
        ]
    ],
    "bus": [
        [
            902.351318359375,
            492.32232666015625,
            958.555419921875,
            548.7303466796875
        ]
    ]
}