{
    "person": [
        [
            2377.781494140625,
            2352.61865234375,
            2460.326904296875,
            2559.317138671875
        ],
        [
            2349.97021484375,
            1426.3326416015625,
            2391.839599609375,
            1547.7227783203125
        ],
        [
            2350.40625,
            1426.8560791015625,
            2398.06494140625,
            1549.5537109375
        ],
        [
            2185.86181640625,
            1401.413330078125,
            2234.489990234375,
            1530.1680908203125
        ],
        [
            2941.88330078125,
            2463.653564453125,
            3044.33349609375,
            2677.66162109375
        ],
        [
            2834.9365234375,
            2529.599853515625,
            2922.06005859375,
            2769.854736328125
        ]
    ],
    "truck": [
        [
            3404.907958984375,
            1195.4583740234375,
            3672.97607421875,
            1475.8909912109375
        ],
        [
            3347.982421875,
            1158.6585693359375,
            3462.72900390625,
            1315.4732666015625
        ]
    ]
}