{
    "person": [
        [
            3635.40478515625,
            1553.1265869140625,
            3685.12890625,
            1689.231689453125
        ],
        [
            2383.817626953125,
            1723.34619140625,
            2428.64306640625,
            1853.21240234375
        ],
        [
            2147.9765625,
            1602.876220703125,
            2181.739990234375,
            1707.00634765625
        ],
        [
            2418.807373046875,
            2330.37841796875,
            2475.091552734375,
            2534.079833984375
        ],
        [
            3418.423828125,
            1396.14208984375,
            3473.673828125,
            1567.7857666015625
        ],
        [
            2478.887451171875,
            1602.010498046875,
            2527.288818359375,
            1744.7669677734375
        ],
        [
            3392.34619140625,
            1523.68310546875,
            3431.842529296875,
            1615.2916259765625
        ]
    ],
    "truck": [
        [
            2724.478515625,
            1895.561279296875,
            3469.94287109375,
            2254.540771484375
        ],
        [
            2722.74365234375,
            1892.0909423828125,
            3892.798583984375,
            2257.4423828125
        ]
    ]
}