{
    "truck": [
        [
            370.59906005859375,
            544.3526611328125,
            621.2084350585938,
            660.7569580078125
        ],
        [
            371.29046630859375,
            543.40185546875,
            763.7091064453125,
            659.5341186523438
        ],
        [
            626.9515991210938,
            579.7813110351562,
            764.4109497070312,
            656.1709594726562
        ]
    ],
    "person": [
        [
            790.0241088867188,
            497.85791015625,
            804.9651489257812,
            540.5886840820312
        ],
        [
            617.47314453125,
            588.520751953125,
            634.9187622070312,
            653.6085815429688
        ],
        [
            794.0479736328125,
            692.0794677734375,
            814.833984375,
            759.0924682617188
        ],
        [
            1092.29150390625,
            370.38702392578125,
            1106.5169677734375,
            408.76116943359375
        ],
        [
            1074.8785400390625,
            365.9559631347656,
            1087.4344482421875,
            411.6203918457031
        ],
        [
            1105.3892822265625,
            582.2897338867188,
            1124.1978759765625,
            638.0267944335938
        ],
        [
            1086.990966796875,
            419.56414794921875,
            1098.771728515625,
            445.2202453613281
        ]
    ]
}