{
    "truck": [
        [
            2582.31494140625,
            2064.925537109375,
            3319.9541015625,
            2411.668212890625
        ],
        [
            3318.989013671875,
            2168.186279296875,
            3763.441650390625,
            2388.03955078125
        ]
    ],
    "person": [
        [
            3680.35009765625,
            1743.361572265625,
            3729.21533203125,
            1886.08740234375
        ],
        [
            3429.72802734375,
            1670.6005859375,
            3476.38671875,
            1787.687255859375
        ],
        [
            2419.87548828125,
            2500.120849609375,
            2482.09521484375,
            2716.1455078125
        ],
        [
            3416.12060546875,
            1559.69921875,
            3465.412109375,
            1687.525390625
        ],
        [
            2232.26220703125,
            1779.649169921875,
            2266.71630859375,
            1874.09033203125
        ],
        [
            2389.697509765625,
            1887.3846435546875,
            2431.732666015625,
            2020.3590087890625
        ],
        [
            3477.859130859375,
            1647.2271728515625,
            3518.947509765625,
            1773.43359375
        ],
        [
            2447.16796875,
            1807.0943603515625,
            2491.463134765625,
            1950.55224609375
        ]
    ]
}