{
    "truck": [
        [
            1037.892822265625,
            417.08428955078125,
            1124.632080078125,
            503.7451477050781
        ]
    ],
    "bus": [
        [
            1037.892822265625,
            417.08428955078125,
            1124.632080078125,
            503.7451477050781
        ]
    ]
}