{
    "truck": [
        [
            1087.614013671875,
            1735.34228515625,
            1872.2938232421875,
            2102.887451171875
        ],
        [
            1896.5335693359375,
            1844.712158203125,
            2431.09814453125,
            2092.92578125
        ]
    ],
    "person": [
        [
            2779.260498046875,
            2509.716796875,
            2853.36376953125,
            2708.2119140625
        ],
        [
            2403.5986328125,
            1597.034423828125,
            2453.288818359375,
            1732.9678955078125
        ],
        [
            1863.94384765625,
            1875.7962646484375,
            1919.861328125,
            2078.054443359375
        ],
        [
            2514.616943359375,
            1462.2158203125,
            2553.63427734375,
            1584.8712158203125
        ],
        [
            2416.793701171875,
            2206.96826171875,
            2483.498291015625,
            2413.21044921875
        ],
        [
            2519.186767578125,
            1900.2938232421875,
            2549.492919921875,
            1986.77978515625
        ],
        [
            3353.05615234375,
            1192.8818359375,
            3399.244384765625,
            1315.8328857421875
        ],
        [
            3425.740966796875,
            1863.8656005859375,
            3508.578369140625,
            2029.2587890625
        ],
        [
            3338.835205078125,
            1184.9276123046875,
            3377.362060546875,
            1309.1458740234375
        ],
        [
            3297.22998046875,
            1176.8013916015625,
            3339.906494140625,
            1314.9193115234375
        ],
        [
            2326.962158203125,
            1622.68017578125,
            2382.83056640625,
            1683.6729736328125
        ],
        [
            1953.06494140625,
            1473.52978515625,
            1985.1143798828125,
            1620.943359375
        ]
    ]
}