{
    "person": [
        [
            3573.595703125,
            1643.5040283203125,
            3628.267333984375,
            1787.6439208984375
        ],
        [
            3979.294189453125,
            2021.806396484375,
            4030.458740234375,
            2193.97314453125
        ],
        [
            3389.549072265625,
            1551.62353515625,
            3433.203369140625,
            1674.9443359375
        ],
        [
            3328.2978515625,
            1568.7742919921875,
            3378.08154296875,
            1682.21044921875
        ],
        [
            2319.540771484375,
            2384.7724609375,
            2376.517578125,
            2596.74609375
        ],
        [
            2287.738525390625,
            1774.7603759765625,
            2325.620849609375,
            1909.4259033203125
        ]
    ],
    "truck": [
        [
            2372.68896484375,
            1945.809814453125,
            3101.0146484375,
            2289.716064453125
        ],
        [
            2368.107177734375,
            1944.7530517578125,
            3546.200927734375,
            2290.61181640625
        ],
        [
            3106.656982421875,
            2035.6715087890625,
            3543.260498046875,
            2275.761962890625
        ]
    ]
}