{
    "truck": [
        [
            1136.0208740234375,
            1724.579345703125,
            1926.9315185546875,
            2092.305908203125
        ],
        [
            1954.0693359375,
            1832.881591796875,
            2475.753173828125,
            2081.80517578125
        ],
        [
            1147.685302734375,
            1723.00341796875,
            2436.508056640625,
            2086.923828125
        ]
    ],
    "person": [
        [
            1914.88330078125,
            1872.7799072265625,
            1971.70556640625,
            2070.660400390625
        ],
        [
            2455.82958984375,
            1582.38134765625,
            2507.40185546875,
            1718.444091796875
        ],
        [
            2565.572021484375,
            1452.9288330078125,
            2608.03955078125,
            1580.9285888671875
        ],
        [
            3354.261962890625,
            1167.6727294921875,
            3393.894287109375,
            1293.897216796875
        ],
        [
            3408.984619140625,
            1183.6990966796875,
            3455.06005859375,
            1308.468994140625
        ],
        [
            2473.66259765625,
            2193.972412109375,
            2535.960205078125,
            2401.27587890625
        ],
        [
            3389.421142578125,
            1336.1524658203125,
            3422.444091796875,
            1415.71435546875
        ],
        [
            2568.864501953125,
            1895.5167236328125,
            2600.482666015625,
            1977.262451171875
        ]
    ]
}