{
    "truck": [
        [
            2455.71826171875,
            1936.8106689453125,
            3184.15087890625,
            2286.024658203125
        ],
        [
            3190.63037109375,
            2031.7818603515625,
            3707.85009765625,
            2274.809814453125
        ]
    ],
    "person": [
        [
            3413.309326171875,
            1435.1689453125,
            3460.60009765625,
            1564.532470703125
        ],
        [
            3699.50341796875,
            1636.396484375,
            3752.377685546875,
            1782.6944580078125
        ],
        [
            2429.542724609375,
            2383.51318359375,
            2481.18408203125,
            2587.214111328125
        ],
        [
            3441.304931640625,
            1568.1287841796875,
            3494.91748046875,
            1684.2061767578125
        ],
        [
            3512.9892578125,
            1545.686767578125,
            3559.13525390625,
            1662.8282470703125
        ],
        [
            2680.942626953125,
            2631.788818359375,
            2763.24755859375,
            2811.743408203125
        ],
        [
            3510.471923828125,
            1488.6314697265625,
            3559.765625,
            1577.486328125
        ],
        [
            2474.2099609375,
            1688.2718505859375,
            2520.380126953125,
            1789.2471923828125
        ]
    ]
}