{
    "truck": [
        [
            2450.322998046875,
            1923.8359375,
            3179.133056640625,
            2260.81982421875
        ],
        [
            3192.618408203125,
            1992.132080078125,
            3623.919921875,
            2256.127685546875
        ],
        [
            2445.9736328125,
            1921.9525146484375,
            3620.677978515625,
            2269.0947265625
        ]
    ],
    "person": [
        [
            3632.33447265625,
            1612.4510498046875,
            3680.124267578125,
            1753.1138916015625
        ],
        [
            3439.419189453125,
            1512.98046875,
            3484.06103515625,
            1636.892578125
        ],
        [
            3376.056640625,
            1544.2886962890625,
            3426.578125,
            1667.8402099609375
        ],
        [
            3354.13623046875,
            1422.2435302734375,
            3411.142578125,
            1548.735107421875
        ],
        [
            2338.069580078125,
            1752.0263671875,
            2374.658203125,
            1887.1148681640625
        ],
        [
            2373.337158203125,
            2370.126708984375,
            2426.437255859375,
            2570.02490234375
        ],
        [
            3272.46142578125,
            1526.71240234375,
            3310.809814453125,
            1607.1258544921875
        ]
    ]
}