{
    "truck": [
        [
            3153.29833984375,
            1283.123291015625,
            3414.63037109375,
            1567.1275634765625
        ]
    ],
    "person": [
        [
            2363.809326171875,
            2520.673095703125,
            2447.61328125,
            2755.508056640625
        ],
        [
            2172.578857421875,
            1479.7225341796875,
            2216.893798828125,
            1607.3682861328125
        ],
        [
            1954.20751953125,
            1455.297119140625,
            1998.36865234375,
            1578.2408447265625
        ],
        [
            1772.6783447265625,
            1494.796630859375,
            1809.433837890625,
            1585.3583984375
        ],
        [
            2138.95751953125,
            1350.7100830078125,
            2204.10009765625,
            1434.1007080078125
        ],
        [
            1951.07421875,
            1456.85595703125,
            1989.3946533203125,
            1577.2935791015625
        ],
        [
            1878.1036376953125,
            2267.03857421875,
            1946.101806640625,
            2497.43408203125
        ]
    ]
}