{
    "person": [
        [
            1007.3920288085938,
            576.0345458984375,
            1020.1072998046875,
            606.7719116210938
        ],
        [
            971.7045288085938,
            514.37255859375,
            982.6234741210938,
            535.2811279296875
        ]
    ],
    "truck": [
        [
            905.326416015625,
            491.2933654785156,
            957.64697265625,
            546.453857421875
        ],
        [
            893.9205322265625,
            485.5985412597656,
            915.7998046875,
            514.890625
        ]
    ]
}