{
    "person": [
        [
            3466.63134765625,
            1514.794189453125,
            3512.908935546875,
            1648.1715087890625
        ],
        [
            3677.80322265625,
            1612.171875,
            3732.356201171875,
            1750.7314453125
        ],
        [
            3518.477294921875,
            1488.9061279296875,
            3557.260009765625,
            1606.1788330078125
        ],
        [
            3425.719482421875,
            1441.8525390625,
            3474.81640625,
            1553.698486328125
        ],
        [
            2211.53564453125,
            1668.2506103515625,
            2250.624755859375,
            1760.7880859375
        ],
        [
            3428.528076171875,
            1544.1029052734375,
            3473.318603515625,
            1661.4739990234375
        ],
        [
            2400.800537109375,
            1776.755859375,
            2447.8369140625,
            1910.3714599609375
        ],
        [
            2463.647705078125,
            1681.4403076171875,
            2513.169921875,
            1813.662841796875
        ],
        [
            2436.436279296875,
            2385.265625,
            2493.0908203125,
            2592.418212890625
        ],
        [
            3339.81884765625,
            1545.1251220703125,
            3373.990966796875,
            1624.0533447265625
        ]
    ],
    "truck": [
        [
            2646.69140625,
            1943.435791015625,
            3389.105224609375,
            2299.3271484375
        ],
        [
            2645.501220703125,
            1941.0338134765625,
            3820.1728515625,
            2301.025390625
        ],
        [
            3386.089599609375,
            2017.6153564453125,
            3819.8193359375,
            2266.417724609375
        ]
    ]
}