{
    "truck": [
        [
            3400.413818359375,
            1192.739013671875,
            3664.6162109375,
            1480.3450927734375
        ],
        [
            3344.3935546875,
            1164.5030517578125,
            3443.72998046875,
            1311.028564453125
        ]
    ],
    "person": [
        [
            2374.701416015625,
            2359.5712890625,
            2457.732666015625,
            2560.20654296875
        ],
        [
            2340.3017578125,
            1429.419189453125,
            2385.26171875,
            1550.6724853515625
        ],
        [
            2346.119140625,
            1428.94970703125,
            2386.654296875,
            1551.179443359375
        ],
        [
            2942.350341796875,
            2484.779052734375,
            3042.915283203125,
            2668.88916015625
        ],
        [
            2184.374267578125,
            1396.7806396484375,
            2226.5654296875,
            1526.5361328125
        ]
    ]
}