{
    "truck": [
        [
            2508.95849609375,
            1891.268310546875,
            3237.585693359375,
            2236.52685546875
        ],
        [
            3245.28857421875,
            1984.4854736328125,
            3771.96923828125,
            2225.331298828125
        ]
    ],
    "person": [
        [
            3665.498291015625,
            1574.3388671875,
            3716.36572265625,
            1718.5318603515625
        ],
        [
            3387.95263671875,
            1388.199951171875,
            3442.256103515625,
            1509.9100341796875
        ],
        [
            2376.38720703125,
            1724.374267578125,
            2410.801513671875,
            1858.3863525390625
        ],
        [
            3410.856201171875,
            1501.2601318359375,
            3458.946044921875,
            1626.63330078125
        ],
        [
            3470.973388671875,
            1484.0631103515625,
            3516.104736328125,
            1604.7017822265625
        ],
        [
            2412.867919921875,
            2336.61181640625,
            2462.311279296875,
            2536.0576171875
        ],
        [
            2249.065185546875,
            1614.642333984375,
            2286.405517578125,
            1719.2900390625
        ],
        [
            2437.745849609375,
            1655.7222900390625,
            2471.210205078125,
            1769.606689453125
        ],
        [
            3472.613037109375,
            1435.05712890625,
            3522.95654296875,
            1551.858642578125
        ],
        [
            2439.44140625,
            1653.6702880859375,
            2471.420654296875,
            1735.7493896484375
        ]
    ]
}