{
    "truck": [
        [
            2546.31494140625,
            1909.27978515625,
            3286.30126953125,
            2253.823486328125
        ],
        [
            3282.56298828125,
            1980.8114013671875,
            3739.470947265625,
            2245.16796875
        ],
        [
            2540.1025390625,
            1905.5859375,
            3764.641357421875,
            2262.74267578125
        ]
    ],
    "person": [
        [
            2371.368896484375,
            1737.9822998046875,
            2417.38134765625,
            1872.0269775390625
        ],
        [
            2410.117431640625,
            2347.757080078125,
            2465.271728515625,
            2550.7099609375
        ],
        [
            2227.1044921875,
            1629.3192138671875,
            2262.51416015625,
            1726.5430908203125
        ],
        [
            2434.054443359375,
            1656.911865234375,
            2474.6474609375,
            1773.0223388671875
        ],
        [
            3656.8388671875,
            1586.1422119140625,
            3708.383056640625,
            1726.7945556640625
        ],
        [
            3392.422119140625,
            1404.0072021484375,
            3443.426025390625,
            1532.57958984375
        ],
        [
            3411.18115234375,
            1504.1903076171875,
            3463.3984375,
            1632.2457275390625
        ],
        [
            3456.067138671875,
            1491.90380859375,
            3499.275390625,
            1618.74658203125
        ],
        [
            3483.81884765625,
            1454.7760009765625,
            3527.621826171875,
            1563.6141357421875
        ],
        [
            3657.1083984375,
            1587.2716064453125,
            3702.609619140625,
            1725.9398193359375
        ]
    ],
    "car": [
        [
            1077.2158203125,
            1449.066162109375,
            1187.2869873046875,
            1508.9124755859375
        ]
    ]
}