{
    "truck": [
        [
            1113.229736328125,
            1753.8935546875,
            1892.5870361328125,
            2121.5888671875
        ],
        [
            1934.86279296875,
            1853.69189453125,
            2456.4892578125,
            2108.01416015625
        ]
    ],
    "person": [
        [
            2417.647216796875,
            1624.6187744140625,
            2465.027099609375,
            1760.3221435546875
        ],
        [
            2811.08935546875,
            2513.6005859375,
            2877.460205078125,
            2726.998291015625
        ],
        [
            3384.881103515625,
            1209.0435791015625,
            3426.35888671875,
            1324.2115478515625
        ],
        [
            1888.2874755859375,
            1898.4281005859375,
            1945.802490234375,
            2097.9892578125
        ],
        [
            2450.5419921875,
            2218.904296875,
            2511.22216796875,
            2419.623046875
        ],
        [
            3327.7275390625,
            1187.2110595703125,
            3368.13671875,
            1315.319580078125
        ],
        [
            2550.425537109375,
            1910.85546875,
            2583.245849609375,
            2003.0196533203125
        ],
        [
            2539.042236328125,
            1477.7630615234375,
            2580.7978515625,
            1602.9178466796875
        ],
        [
            3259.971923828125,
            948.5828247070312,
            3292.294677734375,
            1040.1851806640625
        ],
        [
            2350.97119140625,
            1641.96875,
            2405.868896484375,
            1698.7928466796875
        ],
        [
            3328.45166015625,
            1190.5687255859375,
            3372.023681640625,
            1330.4393310546875
        ],
        [
            1885.075927734375,
            1897.4356689453125,
            1943.42626953125,
            2097.818115234375
        ],
        [
            3597.787353515625,
            1869.1317138671875,
            3648.718505859375,
            1990.3875732421875
        ]
    ]
}