{
    "person": [
        [
            1829.91748046875,
            2092.755859375,
            1899.306884765625,
            2285.170166015625
        ],
        [
            1790.927978515625,
            2316.11181640625,
            1891.175048828125,
            2544.416015625
        ],
        [
            1711.6094970703125,
            2244.98779296875,
            1778.31494140625,
            2448.552001953125
        ],
        [
            2537.948974609375,
            2019.7890625,
            2592.279052734375,
            2200.234130859375
        ],
        [
            2166.663818359375,
            1572.08837890625,
            2203.26611328125,
            1671.4786376953125
        ],
        [
            2635.205322265625,
            1578.275146484375,
            2672.0546875,
            1674.0836181640625
        ],
        [
            2555.14892578125,
            1554.1881103515625,
            2602.08154296875,
            1678.367919921875
        ]
    ],
    "truck": [
        [
            3579.4853515625,
            1348.5521240234375,
            3845.3642578125,
            1644.8372802734375
        ]
    ]
}