{
    "truck": [
        [
            3127.7197265625,
            1269.8699951171875,
            3390.750732421875,
            1559.4974365234375
        ],
        [
            3079.58447265625,
            1240.0364990234375,
            3177.494384765625,
            1405.3927001953125
        ]
    ],
    "person": [
        [
            2359.583984375,
            2524.7578125,
            2460.1630859375,
            2750.566650390625
        ],
        [
            1750.9110107421875,
            1494.28125,
            1783.2974853515625,
            1579.5020751953125
        ],
        [
            2521.61767578125,
            2573.566162109375,
            2581.58251953125,
            2741.408203125
        ],
        [
            2157.31884765625,
            1484.6148681640625,
            2197.05908203125,
            1601.6475830078125
        ],
        [
            1862.9959716796875,
            2264.65185546875,
            1921.6171875,
            2484.015869140625
        ],
        [
            1930.13134765625,
            1444.1834716796875,
            1976.927490234375,
            1568.95849609375
        ],
        [
            2123.523193359375,
            1341.2279052734375,
            2181.28564453125,
            1425.8857421875
        ],
        [
            2270.409912109375,
            1467.6221923828125,
            2311.26220703125,
            1579.2103271484375
        ],
        [
            2155.3583984375,
            1492.843994140625,
            2190.405517578125,
            1600.374267578125
        ]
    ]
}