{
    "truck": [
        [
            3593.191162109375,
            1636.3067626953125,
            3796.02490234375,
            1917.5382080078125
        ]
    ],
    "person": [
        [
            3877.95556640625,
            1812.4849853515625,
            3919.505126953125,
            1948.3485107421875
        ],
        [
            2388.28076171875,
            2596.90625,
            2460.778564453125,
            2801.281494140625
        ],
        [
            3845.849853515625,
            1814.337890625,
            3887.328369140625,
            1942.5595703125
        ],
        [
            3333.5185546875,
            1603.039306640625,
            3371.332275390625,
            1719.6488037109375
        ],
        [
            2231.01611328125,
            1830.5396728515625,
            2275.35400390625,
            1953.7401123046875
        ],
        [
            2539.65283203125,
            1860.24072265625,
            2576.037109375,
            1970.8629150390625
        ],
        [
            3295.94775390625,
            1602.293701171875,
            3337.664794921875,
            1721.6021728515625
        ]
    ]
}