{
    "person": [
        [
            2427.427734375,
            1588.69482421875,
            2477.582763671875,
            1728.7548828125
        ],
        [
            2799.236328125,
            2509.59814453125,
            2876.059326171875,
            2707.071044921875
        ],
        [
            2441.807373046875,
            2200.973388671875,
            2507.95751953125,
            2408.112548828125
        ],
        [
            3426.584716796875,
            1860.153564453125,
            3532.0107421875,
            2031.6651611328125
        ],
        [
            1883.224853515625,
            1878.78955078125,
            1940.9561767578125,
            2074.10205078125
        ],
        [
            2538.603759765625,
            1895.5308837890625,
            2573.325927734375,
            1986.1258544921875
        ],
        [
            2539.92919921875,
            1459.080810546875,
            2577.435302734375,
            1587.8099365234375
        ],
        [
            3376.761474609375,
            1190.4559326171875,
            3421.416748046875,
            1313.13330078125
        ],
        [
            2623.413330078125,
            1922.8753662109375,
            2663.89453125,
            1980.5107421875
        ]
    ],
    "truck": [
        [
            1104.884033203125,
            1730.75146484375,
            1894.3331298828125,
            2098.040771484375
        ],
        [
            1103.541748046875,
            1729.79345703125,
            2425.2412109375,
            2097.81640625
        ],
        [
            1931.1065673828125,
            1836.0908203125,
            2447.623046875,
            2088.734375
        ],
        [
            1930.920654296875,
            1843.7930908203125,
            2371.22265625,
            2087.53173828125
        ]
    ]
}