{
    "truck": [
        [
            3523.601318359375,
            1689.3531494140625,
            3721.739501953125,
            1967.23681640625
        ],
        [
            3453.122802734375,
            1715.13134765625,
            3534.433349609375,
            1862.6658935546875
        ]
    ],
    "person": [
        [
            3768.54345703125,
            1867.416259765625,
            3824.930419921875,
            2014.3541259765625
        ],
        [
            3327.66455078125,
            1659.5015869140625,
            3369.59326171875,
            1777.957275390625
        ],
        [
            2298.249755859375,
            2634.915283203125,
            2376.26904296875,
            2841.93896484375
        ],
        [
            3253.522216796875,
            1655.4195556640625,
            3299.521484375,
            1776.744873046875
        ],
        [
            3745.738525390625,
            1870.5322265625,
            3794.7646484375,
            2009.3358154296875
        ]
    ],
    "car": [
        [
            1003.880859375,
            1714.236328125,
            1108.169677734375,
            1779.377197265625
        ]
    ]
}