{
    "person": [
        [
            2764.9873046875,
            2507.3642578125,
            2848.67529296875,
            2712.200927734375
        ],
        [
            1849.1435546875,
            1876.0042724609375,
            1903.673095703125,
            2079.881591796875
        ],
        [
            2388.12548828125,
            1596.0926513671875,
            2433.074951171875,
            1735.7738037109375
        ],
        [
            2410.552490234375,
            2207.6103515625,
            2464.996337890625,
            2408.162109375
        ],
        [
            3337.368408203125,
            1189.731689453125,
            3384.24951171875,
            1314.6258544921875
        ],
        [
            3289.876220703125,
            1174.1976318359375,
            3329.44677734375,
            1310.8726806640625
        ]
    ],
    "truck": [
        [
            1088.1219482421875,
            1736.1009521484375,
            1858.5145263671875,
            2104.217529296875
        ],
        [
            1878.3433837890625,
            1851.3299560546875,
            2311.748046875,
            2089.3759765625
        ],
        [
            1088.9703369140625,
            1732.9525146484375,
            2300.991455078125,
            2097.870361328125
        ]
    ]
}