{
    "truck": [
        [
            3535.803466796875,
            1640.028076171875,
            3732.81591796875,
            1921.81640625
        ],
        [
            3468.77783203125,
            1671.6748046875,
            3549.89501953125,
            1814.427490234375
        ]
    ],
    "person": [
        [
            3783.73291015625,
            1819.6307373046875,
            3838.92626953125,
            1960.5989990234375
        ],
        [
            3275.84228515625,
            1609.54736328125,
            3318.24609375,
            1722.5531005859375
        ],
        [
            3347.94384765625,
            1622.642578125,
            3387.679931640625,
            1737.5911865234375
        ],
        [
            2033.6416015625,
            1871.8072509765625,
            2068.005615234375,
            1957.07861328125
        ],
        [
            3252.389892578125,
            1740.202880859375,
            3287.17822265625,
            1820.05224609375
        ],
        [
            3352.50927734375,
            1625.6175537109375,
            3389.166748046875,
            1731.5863037109375
        ],
        [
            2484.613037109375,
            1867.2647705078125,
            2518.392333984375,
            1965.842529296875
        ]
    ]
}