{
    "person": [
        [
            1900.95361328125,
            1920.9810791015625,
            1963.0164794921875,
            2115.21435546875
        ],
        [
            2822.99072265625,
            2537.4521484375,
            2894.92578125,
            2749.4912109375
        ],
        [
            2463.23681640625,
            2238.218994140625,
            2524.259521484375,
            2455.712646484375
        ],
        [
            2418.3515625,
            1657.83837890625,
            2466.767822265625,
            1792.1170654296875
        ],
        [
            3386.737548828125,
            1223.9864501953125,
            3438.187255859375,
            1352.739990234375
        ],
        [
            3340.01806640625,
            1212.4818115234375,
            3380.25634765625,
            1341.2666015625
        ],
        [
            3240.6865234375,
            979.6309204101562,
            3276.896240234375,
            1063.6124267578125
        ],
        [
            2561.66943359375,
            1938.1712646484375,
            2593.40625,
            2021.185791015625
        ],
        [
            2550.4658203125,
            1499.340576171875,
            2591.2490234375,
            1621.16650390625
        ],
        [
            2562.11376953125,
            1936.63330078125,
            2597.73046875,
            2024.9473876953125
        ]
    ],
    "truck": [
        [
            1125.8988037109375,
            1771.6256103515625,
            1905.6766357421875,
            2138.319580078125
        ],
        [
            1128.544921875,
            1769.21826171875,
            2457.256591796875,
            2139.24169921875
        ],
        [
            1943.893310546875,
            1878.496337890625,
            2463.001708984375,
            2128.9755859375
        ]
    ]
}