{
    "truck": [
        [
            1478.5938720703125,
            502.3048400878906,
            1532.3486328125,
            561.4503784179688
        ],
        [
            1542.346435546875,
            534.2078247070312,
            1600.0,
            656.0631713867188
        ]
    ],
    "person": [
        [
            241.93650817871094,
            622.060791015625,
            259.1118469238281,
            670.3052368164062
        ],
        [
            45.32514953613281,
            816.5474243164062,
            72.62866973876953,
            850.076904296875
        ],
        [
            76.0182876586914,
            776.9659423828125,
            96.94563293457031,
            832.6947631835938
        ],
        [
            1526.5062255859375,
            567.1476440429688,
            1544.7509765625,
            616.1315307617188
        ],
        [
            1225.077392578125,
            475.66015625,
            1237.267333984375,
            514.8869018554688
        ],
        [
            167.92218017578125,
            769.3246459960938,
            190.35671997070312,
            841.4072265625
        ],
        [
            142.13589477539062,
            776.1769409179688,
            159.98045349121094,
            805.8267822265625
        ],
        [
            291.6562805175781,
            604.7528686523438,
            305.0070495605469,
            640.2249145507812
        ],
        [
            169.6390838623047,
            769.9949951171875,
            192.15322875976562,
            841.4030151367188
        ],
        [
            170.6714630126953,
            770.2278442382812,
            189.5510711669922,
            841.2929077148438
        ]
    ],
    "boat": [
        [
            641.6561279296875,
            531.8693237304688,
            711.2353515625,
            579.4697875976562
        ]
    ]
}