{
    "truck": [
        [
            644.9921875,
            639.4022216796875,
            708.6511840820312,
            702.60205078125
        ],
        [
            997.8702392578125,
            622.9014282226562,
            1060.68603515625,
            674.5676879882812
        ],
        [
            660.5459594726562,
            614.0185546875,
            737.2115478515625,
            659.9047241210938
        ],
        [
            722.70849609375,
            619.1866455078125,
            761.7919311523438,
            656.5532836914062
        ],
        [
            941.1246337890625,
            633.765380859375,
            988.6371459960938,
            675.8583984375
        ],
        [
            940.7198486328125,
            634.2474975585938,
            989.3472900390625,
            675.604248046875
        ]
    ],
    "person": [
        [
            576.4751586914062,
            739.9878540039062,
            587.7384643554688,
            774.8572387695312
        ],
        [
            827.2320556640625,
            813.206787109375,
            843.4799194335938,
            852.1084594726562
        ],
        [
            856.1062622070312,
            826.0736694335938,
            872.6264038085938,
            861.8209838867188
        ],
        [
            924.625,
            807.2333374023438,
            941.9458618164062,
            840.1929321289062
        ],
        [
            885.7642211914062,
            729.676025390625,
            899.4277954101562,
            760.394287109375
        ],
        [
            884.967041015625,
            739.31494140625,
            898.3873901367188,
            772.0617065429688
        ],
        [
            624.5360717773438,
            640.0861206054688,
            634.17236328125,
            664.4470825195312
        ]
    ]
}