{
    "truck": [
        [
            721.3822631835938,
            537.7481079101562,
            780.4403686523438,
            597.5100708007812
        ],
        [
            737.053955078125,
            513.0634765625,
            811.6962890625,
            556.33251953125
        ],
        [
            794.804931640625,
            517.91162109375,
            834.762939453125,
            553.130615234375
        ],
        [
            1077.091064453125,
            524.7042846679688,
            1136.6448974609375,
            575.818115234375
        ],
        [
            1027.798095703125,
            544.9246826171875,
            1061.572265625,
            577.0365600585938
        ]
    ],
    "person": [
        [
            563.8301391601562,
            625.8556518554688,
            575.2772216796875,
            655.6771240234375
        ],
        [
            885.9595947265625,
            717.0602416992188,
            900.537841796875,
            759.4479370117188
        ],
        [
            684.1861572265625,
            664.3316040039062,
            699.096435546875,
            699.31103515625
        ]
    ]
}