{
    "truck": [
        [
            474.2654724121094,
            496.47918701171875,
            604.5811157226562,
            558.53759765625
        ],
        [
            616.082763671875,
            478.2402038574219,
            655.5451049804688,
            523.8612670898438
        ]
    ],
    "person": [
        [
            387.3814392089844,
            546.06689453125,
            400.11761474609375,
            576.6760864257812
        ],
        [
            368.4368896484375,
            546.6819458007812,
            381.8114318847656,
            577.3065795898438
        ],
        [
            581.1163330078125,
            589.7857055664062,
            598.8906860351562,
            623.7334594726562
        ]
    ]
}