{
    "truck": [
        [
            95.61747741699219,
            31.242738723754883,
            326.8616638183594,
            205.010986328125
        ]
    ],
    "person": [
        [
            81.11970520019531,
            170.73321533203125,
            94.1565933227539,
            213.7017059326172
        ],
        [
            90.0052490234375,
            177.66790771484375,
            105.32665252685547,
            215.27354431152344
        ]
    ]
}