{
    "truck": [
        [
            1017.7975463867188,
            554.9102172851562,
            1079.6114501953125,
            608.2326049804688
        ],
        [
            685.0966796875,
            550.965576171875,
            757.6148071289062,
            593.6319580078125
        ],
        [
            682.5042114257812,
            550.3902587890625,
            755.494140625,
            590.5616455078125
        ],
        [
            743.9811401367188,
            554.9608764648438,
            781.9436645507812,
            591.2083129882812
        ],
        [
            666.1005859375,
            576.6976318359375,
            728.642822265625,
            636.7608032226562
        ],
        [
            666.7230224609375,
            577.1030883789062,
            728.9727783203125,
            636.34033203125
        ]
    ],
    "car": [
        [
            974.3425903320312,
            580.1002197265625,
            1008.2308959960938,
            609.2805786132812
        ]
    ]
}