{
    "truck": [
        [
            555.9563598632812,
            550.706787109375,
            682.6326904296875,
            609.8572998046875
        ],
        [
            693.6490478515625,
            529.997802734375,
            731.119384765625,
            573.6721801757812
        ],
        [
            400.42950439453125,
            555.1316528320312,
            453.9126892089844,
            590.908447265625
        ]
    ],
    "person": [
        [
            698.5360717773438,
            750.9853515625,
            713.0309448242188,
            777.185302734375
        ],
        [
            651.2384033203125,
            639.1032104492188,
            665.3701782226562,
            675.6578979492188
        ],
        [
            467.62371826171875,
            607.0322875976562,
            478.04998779296875,
            638.9328002929688
        ],
        [
            454.4627990722656,
            606.36376953125,
            466.3805236816406,
            639.518310546875
        ],
        [
            812.4450073242188,
            766.7517700195312,
            828.9503173828125,
            804.1088256835938
        ],
        [
            628.4089965820312,
            625.6638793945312,
            643.7396850585938,
            659.3366088867188
        ]
    ]
}