{
    "truck": [
        [
            644.1378173828125,
            574.81396484375,
            704.4181518554688,
            636.4209594726562
        ],
        [
            657.645263671875,
            549.0794067382812,
            730.939453125,
            588.65673828125
        ],
        [
            715.7138061523438,
            554.3856811523438,
            757.5516357421875,
            589.67236328125
        ],
        [
            995.3162841796875,
            558.7915649414062,
            1053.900390625,
            606.3547973632812
        ],
        [
            936.4091186523438,
            573.92333984375,
            983.8941040039062,
            611.2388305664062
        ],
        [
            948.5547485351562,
            581.4530639648438,
            984.402587890625,
            611.3104248046875
        ]
    ],
    "person": [
        [
            823.017578125,
            742.3138427734375,
            835.9387817382812,
            778.4149780273438
        ],
        [
            890.7650756835938,
            663.2455444335938,
            903.1915283203125,
            695.2701416015625
        ],
        [
            848.58740234375,
            756.2769165039062,
            864.1129150390625,
            789.9617919921875
        ],
        [
            888.500732421875,
            663.4615478515625,
            902.98779296875,
            694.8027954101562
        ],
        [
            850.7256469726562,
            756.1422729492188,
            864.7772216796875,
            793.3012084960938
        ]
    ]
}