{
    "person": [
        [
            1420.2391357421875,
            1576.6318359375,
            1447.7830810546875,
            1653.6251220703125
        ],
        [
            2230.0478515625,
            1805.609375,
            2267.145751953125,
            1912.52099609375
        ],
        [
            1726.615234375,
            1676.192138671875,
            1758.446533203125,
            1760.929931640625
        ],
        [
            2413.615966796875,
            1607.8232421875,
            2448.50634765625,
            1690.6614990234375
        ]
    ],
    "truck": [
        [
            1854.509765625,
            1289.9918212890625,
            2050.2763671875,
            1405.9605712890625
        ],
        [
            2703.21142578125,
            1320.9652099609375,
            2863.7509765625,
            1455.0533447265625
        ],
        [
            2589.324462890625,
            1374.3792724609375,
            2674.966796875,
            1454.7803955078125
        ],
        [
            2009.5103759765625,
            1302.5213623046875,
            2100.214599609375,
            1396.5184326171875
        ],
        [
            1811.3289794921875,
            1351.646484375,
            1966.0484619140625,
            1505.30029296875
        ]
    ],
    "car": [
        [
            2589.324462890625,
            1374.3792724609375,
            2674.966796875,
            1454.7803955078125
        ]
    ]
}