{
    "truck": [
        [
            711.4696655273438,
            555.0365600585938,
            771.315673828125,
            614.3330078125
        ],
        [
            712.34619140625,
            554.742431640625,
            771.308837890625,
            613.4622802734375
        ],
        [
            1002.6880493164062,
            552.0342407226562,
            1052.4913330078125,
            592.5216064453125
        ],
        [
            1062.5462646484375,
            539.5446166992188,
            1124.4097900390625,
            588.590576171875
        ],
        [
            731.3943481445312,
            528.7838134765625,
            798.0405883789062,
            572.3141479492188
        ],
        [
            787.2647094726562,
            533.750244140625,
            824.0868530273438,
            569.0164184570312
        ]
    ],
    "person": [
        [
            881.9288330078125,
            732.3035278320312,
            895.8920288085938,
            769.8505249023438
        ],
        [
            982.205322265625,
            718.0025634765625,
            1000.0064086914062,
            750.1950073242188
        ],
        [
            682.95263671875,
            681.0593872070312,
            695.0440063476562,
            707.0147094726562
        ]
    ]
}