{
    "truck": [
        [
            884.1124877929688,
            451.2123107910156,
            929.7494506835938,
            489.3746032714844
        ],
        [
            934.8239135742188,
            436.41082763671875,
            999.26611328125,
            489.9858703613281
        ],
        [
            606.5863647460938,
            429.518310546875,
            677.3479614257812,
            472.3419189453125
        ],
        [
            589.9480590820312,
            455.3588562011719,
            654.1217041015625,
            515.5282592773438
        ],
        [
            666.9046020507812,
            433.1109313964844,
            707.2355346679688,
            469.42919921875
        ]
    ],
    "person": [
        [
            803.6875,
            532.3214111328125,
            815.5731811523438,
            561.4724731445312
        ],
        [
            774.6929321289062,
            614.9279174804688,
            787.3745727539062,
            654.5646362304688
        ]
    ]
}