{
    "truck": [
        [
            97.67240142822266,
            385.0042724609375,
            256.8575744628906,
            537.0405883789062
        ],
        [
            138.91648864746094,
            318.9649658203125,
            389.2152404785156,
            437.7723693847656
        ],
        [
            842.2777709960938,
            378.4847106933594,
            962.796142578125,
            490.2505798339844
        ],
        [
            842.1529541015625,
            378.6063537597656,
            962.4678955078125,
            489.67987060546875
        ],
        [
            573.3006591796875,
            197.7875213623047,
            663.4209594726562,
            280.0062255859375
        ]
    ],
    "person": [
        [
            822.50537109375,
            410.7039794921875,
            842.9126586914062,
            469.8372497558594
        ],
        [
            58.81361389160156,
            384.4224548339844,
            77.44770812988281,
            441.67193603515625
        ],
        [
            626.6735229492188,
            340.4443359375,
            643.8655395507812,
            389.01776123046875
        ],
        [
            83.15393829345703,
            252.31053161621094,
            99.91484069824219,
            272.1446228027344
        ],
        [
            426.52264404296875,
            256.9948425292969,
            442.9608154296875,
            297.28973388671875
        ],
        [
            416.1219787597656,
            250.81179809570312,
            431.0938415527344,
            296.4945983886719
        ],
        [
            106.3580093383789,
            242.61856079101562,
            121.9230728149414,
            276.5593566894531
        ]
    ]
}