{
    "person": [
        [
            179.00265502929688,
            235.55001831054688,
            209.45941162109375,
            334.90216064453125
        ],
        [
            360.8645324707031,
            27.534496307373047,
            387.4584045410156,
            106.53759002685547
        ],
        [
            288.9427490234375,
            178.78872680664062,
            313.1872863769531,
            246.75621032714844
        ],
        [
            447.0955810546875,
            192.5819091796875,
            484.5892333984375,
            230.1722869873047
        ],
        [
            276.9390563964844,
            240.36058044433594,
            304.9425048828125,
            285.704345703125
        ],
        [
            454.0751037597656,
            223.0806884765625,
            482.17620849609375,
            276.5173645019531
        ]
    ],
    "sports ball": [
        [
            366.8583679199219,
            310.3089904785156,
            381.1826477050781,
            323.9700622558594
        ],
        [
            310.11376953125,
            80.00304412841797,
            318.61749267578125,
            90.21820068359375
        ]
    ]
}